,0
0,8.857595001073367
1,8.006406160925966
2,7.8658385115121146
3,7.725626942136736
4,11.0454480066978
5,11.393703845184392
6,10.50255421442292
7,11.94541115578239
8,13.01397590111435
9,10.600866095396604
10,10.596770761568502
11,11.141343518083424
12,10.351005075288164
13,10.794181802498155
14,10.99228892274005
15,11.842229835664586
16,12.145335426346845
17,11.590904008718367
18,12.756476575566927
19,12.910305329421732
20,12.961674895085698
21,13.167616272851756
22,12.34830833456939
23,14.471991688427485
24,11.892631919844609
25,13.529835421314514
26,12.603071510070532
27,13.685788195695222
28,11.340705180927753
29,10.83985618398087
30,12.601620966190197
31,10.790914039877158
32,11.237666327404296
33,11.535042248486862
34,15.166420904718633
35,11.134557375084981
36,12.344733988508013
37,13.218012630701335
38,11.73637407271889
39,10.63856095456132
40,14.052425771712409
41,10.145820705135703
42,11.632882200976471
43,10.4862049882758
44,12.394015488710396
45,10.683453032749718
46,9.750032445698908
47,10.141123857928944
48,10.535012526446863
49,9.701341217847713
50,8.921875109759137
51,9.550079822012421
52,11.027828630316545
53,10.13643660741479
54,10.629879423756263
55,9.793637560615384
56,10.284011568657947
57,10.131741548106847
58,10.18152253657317
59,10.47713186067969
60,11.325037613109295
61,14.213372350754828
62,10.771038851502555
63,14.054663903145062
64,14.266371597924524
65,13.896395919172347
66,14.160416952661187
67,14.906215290196076
68,13.63360421068625
69,15.339168925217924
70,13.581112308805837
71,15.501689336963684
72,14.907994461946092
73,12.955033600626836
74,13.7915619029746
75,13.05810400203939
76,13.110180514802957
77,18.229268457688576
78,13.109456084963158
79,12.126789931193942
80,12.953160795723726
81,12.383730885517929
82,15.181441650566443
83,13.423353122046638
84,13.686277604172517
85,13.266189742355724
86,12.744214095100531
87,13.897870576807888
88,15.129488359255744
89,13.528098911165227
90,16.66963171489645
91,13.26518592286234
92,12.847040335699017
93,14.004440562711299
94,13.951327028235086
95,13.84553264228211
96,17.74285385836471
97,13.369509604227531
98,13.952250074155817
99,13.475018687153769
100,17.23933984741703
101,13.42223960869462
102,12.325115795119768
103,17.983038314498447
104,14.00607110590536
105,15.795039326351423
106,12.478974264582437
107,12.166122810152599
108,10.384086797095856
109,14.006635842668002
110,13.316013785653407
111,12.114404352683454
112,12.736913543998977
113,12.423760670122748
114,11.39235513151407
115,12.89415297418184
116,12.371731517950947
117,15.142400686327717
118,13.474266927228943
119,13.474266927228943
120,17.090551173331747
121,13.900661522239913
122,12.214025242717444
123,12.418841898416595
124,13.473927860575733
125,11.691884029327541
126,12.158135500606516
127,15.039452389863994
128,13.58051553097349
129,11.691884029327541
130,14.009517674335287
131,12.364894571541251
132,12.156129688169614
133,14.387563711741238
134,11.738360462412757
135,10.712291463111837
136,11.735797923778232
137,11.839582985696245
138,11.787661176135643
139,12.994202088964096
140,12.150124807686154
141,12.307276414148332
142,11.113627501873538
143,15.6009088282608
144,10.649373852617181
145,10.091317438903442
146,8.794359911697631
147,10.141818045549762
148,10.492362144687942
149,9.683634919874452
150,7.664318322051663
151,9.128397725690949
152,9.879625761837138
153,12.301930357882599
154,7.89125554016071
155,9.022809975830432
156,10.893800262697658
157,9.82408005374191
158,10.330882453620728
159,11.199969369632583
160,10.941599961247324
161,12.087480903921282
162,10.83479875974328
163,12.668077567205959
164,14.344376710192028
165,11.401488615101059
166,11.820094470930183
167,10.06300510761885
168,10.210628948048928
169,9.748022774958287
170,9.798186045582662
171,9.2926796223003
172,9.192129351595362
173,9.337198328497958
174,9.135845713521237
175,10.196662487640165
176,8.828703918828081
177,10.145384375733409
178,8.778690727688906
179,8.87233451372203
180,10.811920929234455
181,8.96639793360957
182,9.218513189424806
183,10.285739739425633
184,10.492562987213573
185,14.020627407705136
186,11.641389984745391
187,13.910963256458503
188,12.066690518020604
189,21.24680581547824
190,19.289076032152803
191,25.066247581492213
192,19.846243471876203
193,20.091572522403446
194,21.711064598976733
195,21.083777811214645
196,22.10441891077681
197,21.597504981952557
198,23.71614558004648
199,22.56567204587399
200,20.981317443419567
201,19.937031926676298
202,20.69158662559992
203,19.455619560533886
204,19.578081469648694
205,20.566840799630288
206,22.337093312682025
207,20.879196391297548
208,24.22621114199336
209,20.89068354647569
210,19.966923119476288
211,20.65136922553698
212,20.52635439616976
213,21.4829357132556
214,20.66253778287702
215,23.353895502941203
216,20.97675684081384
217,20.736556555507505
218,19.863004170270923
219,20.308815331480975
220,20.059335151460527
221,20.371345900780092
222,20.559334497154776
223,19.758699916149883
224,20.63330076276235
225,20.007284671621925
226,21.533473799208195
227,20.204899655900853
228,20.340914168819385
229,20.59266709633434
230,19.902855718906885
231,20.46666854447482
232,21.099358948278386
233,20.278138522408934
234,20.7936986410227
235,20.920570083173534
236,20.868765631274183
237,20.62638286290689
238,20.184302958507885
239,20.436532368522194
240,21.4560945242064
241,20.0689574622961
242,21.791519551287593
243,21.22495130132493
244,21.41712982757094
245,21.04467725068653
246,21.948204069675747
247,23.146570773558224
248,23.01381146061542
249,21.571980798114257
250,21.585001774371243
251,21.06816861061195
252,22.303663058523608
253,21.468218652466824
254,22.003045351675087
255,21.741523389669627
256,21.62433600323514
257,21.299130757283656
258,20.653935484801632
259,22.824895503482885
260,21.311794103327237
261,21.833845933788044
262,21.573023078519594
263,23.443703323561603
264,21.402475457554473
265,22.32319424884657
266,21.664125278805955
267,21.41538676708864
268,25.889655626177337
269,22.537159362219363
270,22.285788764286874
271,23.969238499478045
272,22.418787034763916
273,22.35224843209356
274,23.645726107366404
275,23.645726107366404
276,21.850019046261778
277,21.717854073442965
278,22.048802222998614
279,24.347782558444585
280,21.401704945870833
281,22.463140675530674
282,22.010558574849398
283,21.811296812816618
284,23.97084588551711
285,21.164412517471014
286,22.425856875976866
287,23.03259295080274
288,22.23947525904836
289,22.17253140622302
290,23.731020507299622
291,22.523051754257875
292,22.321208303877892
293,21.6531514224773
294,20.926660200456457
295,19.96049463063326
296,20.426598263747987
297,21.880719774469295
298,21.747071952308726
299,21.827765120070513
300,21.76087692333473
301,22.2454153685819
302,23.197814010475653
303,22.924186261545447
304,21.121307686165537
305,21.18771191187068
306,21.937187256069034
307,21.267196047673277
308,21.200615625231485
309,22.27497017228919
310,21.146920611583415
311,22.357723879601473
312,21.898182857256685
313,23.402247822507036
314,21.42726033377705
315,20.905990337735396
316,21.37358256556089
317,21.173525744024513
318,21.926722322403773
319,20.66454982674283
320,21.06476392235391
321,23.453302105714904
322,20.344618548052658
323,21.751772871374715
324,21.83380657512434
325,20.88936515590218
326,23.000665567674837
327,21.036213437618155
328,20.701125399370344
329,21.170772874458216
330,20.847458069560457
331,11.613472811937644
332,12.945652300611524
333,12.769236718978503
334,13.239347490118206
335,11.725608218463108
336,13.654476659686992
337,13.417523747187829
338,12.241699273305239
339,12.70795163824913
340,12.70795163824913
341,13.536637879374005
342,13.17960442692315
343,12.530835848611662
344,12.355201083293156
345,13.357936777711519
346,12.883139136757741
347,13.1200456784952
348,13.238788002173358
349,13.417774495327487
350,13.000563621687627
351,13.059661649827344
352,13.119266801949905
353,12.465841302033578
354,12.2301814739601
355,12.939587971102767
356,13.17861952974997
357,11.407300600552423
358,12.700677562633908
359,12.641248162122274
360,12.22526078934322
361,12.52136371905844
362,12.342065661022747
363,12.282825363991149
364,13.17809236218255
365,11.632593282945756
366,12.162774436786597
367,11.220496789986866
368,12.22036376271545
369,12.69713641810671
370,10.752886971253997
371,12.456994143965673
372,13.238352303263431
373,12.455743406735998
374,11.7404959153944
375,11.504501652399815
376,10.798651844568877
377,10.973602915831442
378,10.91156476564194
379,11.087144494181507
380,10.499728933080986
381,9.921795731454223
382,10.84941746606634
383,11.552805035383772
384,11.316082289801786
385,9.509909691905632
386,9.04668928550351
387,11.428636147893304
388,10.312004789449476
389,10.952136231377867
390,11.664122578096732
391,8.75620287074628
392,11.366357539975013
393,11.601884891496002
394,10.591242234728082
395,11.122647029235583
396,10.704925465820997
397,11.178776876120027
398,11.776839752203339
399,11.534185841636916
400,10.108470837327777
401,12.074687572600908
402,11.589033367182093
403,10.633750093588414
404,10.452082801627398
405,11.225735411650538
406,11.402944893993402
407,10.923276670553182
408,10.21146365387242
409,7.276306463342519
410,8.057054226048944
411,8.628482328777926
412,8.342020526329701
413,7.15516957940482
414,8.27718271577716
415,8.563793408035755
416,8.498948304501985
417,10.133150242329242
418,11.392181495654823
419,10.068975920763739
420,10.90144777138576
421,10.90144777138576
422,10.961759105777976
423,11.504781719547449
424,10.416924205919113
425,11.382845852011261
426,10.77332684331626
427,10.95463129386872
428,11.744875546203964
429,11.06907906104982
430,11.55810087309626
431,11.86592610365526
432,11.06571052896182
433,11.06571052896182
434,9.681139571318937
435,10.761747934973947
436,11.371333779415178
437,11.184564942914992
438,11.915843883212071
439,12.03978154940582
440,11.4159168770264
441,12.667781970844352
442,11.722040969979815
443,18.414760702302452
444,15.403069321309218
445,21.603465516306418
446,20.44119329137707
447,22.442370041449173
448,19.00051627835318
449,20.514143741583823
450,18.504371332291708
451,18.868727606897895
452,19.74061330073488
453,20.923176822345855
454,20.628429342168083
455,20.408297147000077
456,19.535787744007603
457,18.757274316901935
458,17.977368709013362
459,22.529780641962986
460,20.952151397164652
461,19.4869453867719
462,20.37517501473122
463,18.430530792453702
464,21.130425825923076
465,20.847020451159537
466,18.450097188181502
467,21.536265782031865
468,18.593506412991484
469,16.345871486660858
470,20.429432471976472
471,17.684340874384034
472,17.968781454671458
473,20.60598766062003
474,16.846088764725405
475,19.362110455666322
476,17.843869234721403
477,19.362110455666322
478,18.139415919582976
479,19.52074559122215
480,18.07686332246878
481,16.866913547615283
482,18.50990080959882
483,18.01414948602789
484,17.58397139458254
485,19.705231865664935
486,17.663966053995125
487,16.9517144434988
488,17.100952476719005
489,20.47954528140958
490,19.137570148324574
491,18.916801400872384
492,17.11601315438749
493,19.07521034316661
494,18.05120748232748
495,17.698444717771455
496,19.457325694804204
497,17.779553227904763
498,18.508387096889333
499,23.554550676498817
500,17.426687239495514
501,17.362719414236587
502,18.088973866057366
503,17.870148227630573
504,16.438207912060875
505,18.53946470936676
506,18.549911108419483
507,19.21885220871221
508,17.81541577102698
509,19.3056215005792
510,17.97094083742791
511,16.81654425088932
512,19.543484601443577
513,18.581580385842994
514,17.25913989296734
515,16.68654716776382
516,16.765842143900088
517,20.88521972012221
518,18.45383880808958
519,17.502377874206868
520,17.575816860378257
521,18.47480209649976
522,19.53059282173909
523,17.732013368622024
524,17.152396353182887
525,18.335753892103927
526,19.46752009143478
527,17.75940852256032
528,17.611096924924848
529,21.35569975099458
530,17.323944022524337
531,18.517321711246773
532,18.66820308834575
533,16.963593503834268
534,20.14904665913489
535,17.340761929894217
536,19.070785983988817
537,17.11880588589064
538,17.796563093464272
539,18.7889386608676
540,17.29178926090243
541,22.01754827339585
542,17.515628553385064
543,17.002522197177832
544,16.485138965731057
545,17.151191221570688
546,20.377632898200375
547,17.617696471833185
548,21.026905065219648
549,16.063477970712523
550,18.6927476982044
551,17.853660150209375
552,17.78749947891998
553,20.501965208582213
554,19.570195419136667
555,24.712121911563695
556,19.114802089439188
557,19.270609548025774
558,20.883441354430648
559,19.92594874964307
560,17.912463937161828
561,22.367995637891294
562,20.578038254890235
563,19.230354724099204
564,20.996612500179197
565,18.6293593055919
566,19.72996303672397
567,18.875485795400966
568,18.953899704236978
569,22.012254365103704
570,22.113787068142923
571,20.07719955866756
572,18.742470821080502
573,22.069244747467177
574,22.48565596003091
575,19.16155900620265
576,20.297871319125672
577,20.216917166151834
578,19.81377525747929
579,18.79015910865743
580,19.98925223559543
581,19.440097270889016
582,20.328427947007874
583,18.961059447610044
584,20.16593175801798
585,18.894356397455432
586,21.181960718468197
587,18.746958158820483
588,18.838795323113906
589,18.759037742360142
590,18.53203808675137
591,24.463334096498045
592,21.40119396319522
593,19.751721219130058
594,19.589235844341555
595,16.668658246008924
596,16.437019612826912
597,20.355146891309065
598,18.327600616185933
599,18.900948661209853
600,17.79249180208627
601,16.770260564818496
602,16.70035352547651
603,15.925450779623413
604,21.154565492097753
605,17.485685648797357
606,17.49535651992997
607,18.465612004141214
608,18.14369458021691
609,15.86110487813411
610,15.635869179397618
611,15.09909790336593
612,15.951846144175708
613,18.582534387016143
614,15.03215910596776
615,17.855034176052854
616,16.27715817415194
617,16.27715817415194
618,19.91334449648469
619,16.599384132975054
620,17.234841422715146
621,15.821627152705345
622,17.243720801237878
623,15.7498733996672
624,16.774677569029585
625,15.133394062665104
626,16.306628377162358
627,15.998240483822856
628,15.371646342114156
629,15.768825334933586
630,15.690284747867825
631,19.767465225954442
632,15.148557568390583
633,16.17035364237629
634,18.528729933335207
635,18.36353309719119
636,17.1484443651697
637,15.7090778132427
638,16.66469304638718
639,15.95334808562067
640,15.557332552541359
641,19.222437117194897
642,15.247843773919733
643,19.235940062706504
644,15.648774516992809
645,17.258360801154165
646,17.914810686674972
647,15.022196678766583
648,20.37398106253166
649,16.788215656308576
650,15.027187044630166
651,20.30441999864905
652,14.560114434517857
653,14.481809503257068
654,16.310338405045204
655,14.325520343525664
656,16.56145698027779
657,15.434481567485042
658,15.201235205897653
659,17.47280885784494
660,14.730297567194514
661,19.079872510729064
662,16.333795786162987
663,14.02605520415004
664,17.587425774443354
665,15.861824138340403
666,23.822457312894034
667,17.59815141832926
668,16.604148703359144
669,16.612249438860243
670,16.942595754551075
671,20.193512388328084
672,17.2014974995717
673,18.465352612794977
674,14.513763366502996
675,12.789913187069835
676,13.33404095571869
677,10.586313217507461
678,7.896179365405039
679,8.898532723809602
680,8.243559281312567
681,13.889085669419968
682,12.481031812699614
683,13.025545797961632
684,9.909172309248513
685,13.340783580859178
686,14.213856843736956
687,14.054117183815631
688,13.897735326064167
689,15.843319417043187
690,15.187447827987032
691,14.297657149540507
692,17.7942243315158
693,16.189858552090143
694,15.857650236001241
695,16.031607004322776
696,16.20584088865656
697,18.683759554664686
698,15.872155774834152
699,19.756489567961584
700,14.64233342982798
701,13.751750331149944
702,18.799003544270548
703,12.87573862036379
704,13.114040672342037
705,13.27517409042643
706,12.87659853064308
707,15.228194333364819
708,14.492317085411571
709,18.56315502622621
710,25.83353717406083
711,26.46309325644386
712,24.58883524406287
713,24.978784650147585
714,32.220932767291885
715,23.65053726908074
716,24.812484369494978
717,24.61731238455441
718,25.797586850706455
719,24.450865693639397
720,23.965866217046877
721,23.676676793523445
722,21.804214710671623
723,25.16631842902612
724,21.431439761289298
725,22.580182231063556
726,23.247934196524607
727,27.310567986242155
728,22.13062953610219
729,23.465870350782776
730,22.05809684190253
731,22.05809684190253
732,21.213728762289065
733,21.775336771998514
734,23.61493830404414
735,22.747126724686577
736,22.080540311131255
737,22.38861543659316
738,25.218974166785515
739,22.316463092644284
740,22.507731995056567
741,21.557322902775276
742,22.22105243500572
743,22.531504687411694
744,24.880351422633645
745,24.511603681409692
746,22.07593068294706
747,22.26727226708961
748,22.36316816690693
749,28.617509820945035
750,21.621786975917615
751,25.646398167211093
752,26.291672568623724
753,22.121664512112567
754,24.171668472747555
755,22.217747647055216
756,28.312620757213068
757,21.56991833310854
758,23.114889495403805
759,25.133130944320914
760,21.591627238349552
761,24.428439136911216
762,23.26476254233542
763,20.380251718411806
764,27.64886906782791
765,21.70937121688008
766,21.8278672950428
767,24.992227484524438
768,23.290972186496482
769,25.329027770844124
770,22.628402272190662
771,23.642234463040943
772,21.294597099818645
773,24.952217387262248
774,23.47003147374972
775,23.370458867722505
776,24.67756234390865
777,20.93230750670032
778,22.016304041208944
779,27.62742170196687
780,23.82555499023508
781,22.826961804829963
782,21.069501302058153
783,22.137476052918327
784,23.025389852979927
785,23.424175557527686
786,26.28974513929449
787,21.867274551930922
788,21.47761100420293
789,24.697014156893115
790,0.03817865340779123
791,0.03817865340779123
792,0.03817865340779123
793,0.03817865340779123
794,0.03817865340779123
795,0.03817865340779123
796,0.03817865340779123
797,0.03817865340779123
798,0.03817865340779123
799,0.03817865340779123
800,0.1426011935874627
801,0.1426011935874627
802,0.1426011935874627
803,0.1426011935874627
804,0.1426011935874627
805,0.1426011935874627
806,0.0993145035828442
807,0.11766787111934945
808,0.20472888921744306
809,0.20472888921744306
810,0.20472888921744306
811,0.20472888921744306
812,0.20472888921744306
813,0.20472888921744306
814,0.20472888921744306
815,0.20472888921744306
816,0.2265129039133916
817,0.27012026612751294
818,0.27012026612751294
819,0.27012026612751294
820,0.3137634078398029
821,0.3137634078398029
822,0.4230354696717076
823,0.48872093727323573
824,0.48872093727323573
825,0.48872093727323573
826,0.48872093727323573
827,0.48872093727323573
828,0.48872093727323573
829,0.5544836148342505
830,0.598374703273731
831,0.598374703273731
832,0.598374703273731
833,0.6423063219718065
834,0.6642810272924589
835,0.6642810272924589
836,0.5037927670098291
837,0.5257372286420722
838,0.5477000605713801
839,0.5477000605713801
840,0.5696658996123457
841,0.6136307808799426
842,0.6136307808799426
843,0.6136307808799426
844,0.6136307808799426
845,0.6136307808799426
846,0.6136307808799426
847,0.6576341181993809
848,0.6796480215575023
849,0.6796480215575023
850,0.518922719887786
851,0.5629060718305376
852,0.6289478104305641
853,0.6289478104305641
854,0.6289478104305641
855,0.7171436612097172
856,0.7612984818449502
857,0.7612984818449502
858,0.7612984818449502
859,0.7612984818449502
860,0.6001967531162344
861,0.6001967531162344
862,0.6663877144225006
863,0.7326547826396863
864,0.7326547826396863
865,0.7326547826396863
866,0.7768864812684313
867,0.7990113668396905
868,0.6376415187604924
869,0.7039646428360844
870,0.7482301217999753
871,0.7482301217999753
872,0.7482301217999753
873,0.7482301217999753
874,0.7482301217999753
875,0.836880144715765
876,0.6973668373371891
877,0.7638607908426621
878,0.7860501387072308
879,0.7860501387072308
880,0.8526613038255807
881,0.9193583511601428
882,0.7573294750960917
883,0.8017671252770567
884,0.8907489877958782
885,0.8907489877958782
886,0.8907489877958782
887,0.9130251311436064
888,0.9798970074614509
889,0.9798970074614509
890,0.8175448672014418
891,0.8175448672014418
892,0.8175448672014418
893,0.8175448672014418
894,0.8175448672014418
895,0.7665017765056911
896,0.833374092800143
897,0.8556778992575836
898,0.8556778992575836
899,0.6931189202267941
900,0.8716087927925102
901,0.8716087927925102
902,0.8716087927925102
903,0.7088016479914143
904,0.7534420752432
905,0.7981243298842533
906,0.7981243298842533
907,0.8204747323471006
908,0.9099957068041474
909,0.8140068022666339
910,0.8140068022666339
911,0.8140068022666339
912,0.8140068022666339
913,0.6508569968710113
914,0.7403266619983779
915,0.7627138978550682
916,0.7627138978550682
917,0.7627138978550682
918,0.5994398933443456
919,0.5994398933443456
920,0.5994398933443456
921,0.5994398933443456
922,0.5994398933443456
923,0.43677068499642974
924,1.9719140910324184
925,1.948887505846733
926,1.948887505846733
927,1.7827421218038635
928,1.7827421218038635
929,1.7827421218038635
930,1.7827421218038635
931,1.7827421218038635
932,1.7827421218038635
933,1.7827421218038635
934,1.5937580655020163
935,1.5937580655020163
936,1.5937580655020163
937,1.5937580655020163
938,1.5937580655020163
939,1.5937580655020163
940,1.5937580655020163
941,1.5937580655020163
942,1.5937580655020163
943,1.4278275489421026
944,1.4278275489421026
945,1.4278275489421026
946,1.4278275489421026
947,1.4278275489421026
948,1.5194538954057872
949,1.3763295540686429
950,1.5368439903793993
951,1.559811532081856
952,1.559811532081856
953,1.559811532081856
954,1.559811532081856
955,1.6287972500662016
956,1.5312879971034148
957,1.5312879971034148
958,1.5312879971034148
959,1.5312879971034148
960,1.5312879971034148
961,1.5773049299203918
962,1.6233612902138028
963,1.4796937171280062
964,1.502711889969016
965,1.502711889969016
966,1.502711889969016
967,1.502711889969016
968,1.502711889969016
969,1.502711889969016
970,1.502711889969016
971,1.313077437829107
972,1.313077437829107
973,1.313077437829107
974,1.313077437829107
975,1.313077437829107
976,1.313077437829107
977,1.313077437829107
978,1.313077437829107
979,1.1465281141089456
980,1.1465281141089456
981,1.1465281141089456
982,1.1465281141089456
983,1.1465281141089456
984,1.1465281141089456
985,1.1465281141089456
986,1.1465281141089456
987,1.1465281141089456
988,1.1465281141089456
989,1.1465281141089456
990,1.1465281141089456
991,1.1465281141089456
992,1.1465281141089456
993,0.9800784171927803
994,0.9800784171927803
995,1.0487521946510845
996,1.0945919790158964
997,1.0945919790158964
998,1.0945919790158964
999,1.0945919790158964
1000,1.1634239489647593
1001,1.209365557344369
1002,1.209365557344369
1003,1.209365557344369
1004,1.209365557344369
1005,1.209365557344369
1006,1.209365557344369
1007,1.0425693691411937
1008,1.0425693691411937
1009,1.0425693691411937
1010,1.0425693691411937
1011,1.0425693691411937
1012,1.0425693691411937
1013,1.0425693691411937
1014,1.0425693691411937
1015,1.0425693691411937
1016,1.0425693691411937
1017,1.0425693691411937
1018,1.0425693691411937
1019,1.0425693691411937
1020,1.0425693691411937
1021,1.0425693691411937
1022,1.0425693691411937
1023,1.0425693691411937
1024,1.0425693691411937
1025,0.8758403945339363
1026,0.8758403945339363
1027,0.8758403945339363
1028,0.8758403945339363
1029,0.8758403945339363
1030,0.8758403945339363
1031,0.8758403945339363
1032,0.8758403945339363
1033,0.8758403945339363
1034,0.8758403945339363
1035,0.8758403945339363
1036,0.8758403945339363
1037,0.8758403945339363
1038,0.8758403945339363
1039,0.8758403945339363
1040,0.8758403945339363
1041,0.8758403945339363
1042,0.8758403945339363
1043,0.8758403945339363
1044,0.8758403945339363
1045,0.8758403945339363
1046,0.8758403945339363
1047,0.8758403945339363
1048,0.8758403945339363
1049,0.8758403945339363
1050,0.8758403945339363
1051,0.8758403945339363
1052,0.8758403945339363
1053,0.8758403945339363
1054,0.8758403945339363
1055,0.8758403945339363
1056,0.8758403945339363
1057,0.8758403945339363
1058,0.8758403945339363
1059,0.8758403945339363
1060,0.8758403945339363
1061,0.8758403945339363
1062,0.8758403945339363
1063,0.8529527719311453
1064,0.8072040975052224
1065,0.784349891784704
1066,0.784349891784704
1067,0.6178812262244882
1068,0.6178812262244882
1069,0.6178812262244882
1070,0.6178812262244882
1071,0.6178812262244882
1072,0.6178812262244882
1073,0.6178812262244882
1074,0.6178812262244882
1075,0.6178812262244882
1076,0.6178812262244882
1077,0.6178812262244882
1078,0.6178812262244882
1079,0.6178812262244882
1080,0.6178812262244882
1081,0.6178812262244882
1082,0.784349891784704
1083,0.6178812262244882
1084,0.6178812262244882
1085,0.6178812262244882
1086,0.6178812262244882
1087,0.6178812262244882
1088,0.6178812262244882
1089,0.6178812262244882
1090,0.6178812262244882
1091,0.5950802833572841
1092,0.784349891784704
1093,0.784349891784704
1094,0.784349891784704
1095,0.784349891784704
1096,0.784349891784704
1097,0.784349891784704
1098,0.784349891784704
1099,0.7386611377530992
1100,0.6702022042718261
1101,0.6702022042718261
1102,0.6702022042718261
1103,0.6702022042718261
1104,0.6702022042718261
1105,0.6702022042718261
1106,0.6702022042718261
1107,0.6702022042718261
1108,0.6702022042718261
1109,0.6702022042718261
1110,0.6702022042718261
1111,0.6702022042718261
1112,0.6702022042718261
1113,0.6702022042718261
1114,0.6702022042718261
1115,0.6702022042718261
1116,0.6702022042718261
1117,0.6702022042718261
1118,0.6702022042718261
1119,0.6702022042718261
1120,0.6702022042718261
1121,0.6702022042718261
1122,0.6702022042718261
1123,0.6702022042718261
1124,0.6702022042718261
1125,0.6702022042718261
1126,0.6702022042718261
1127,0.6702022042718261
1128,0.6702022042718261
1129,0.6702022042718261
1130,0.6702022042718261
1131,0.6702022042718261
1132,0.6702022042718261
1133,0.6702022042718261
1134,0.6702022042718261
1135,0.6702022042718261
1136,0.6702022042718261
1137,0.6702022042718261
1138,0.6702022042718261
1139,0.6702022042718261
1140,0.7158288679623097
1141,0.7158288679623097
1142,0.7158288679623097
1143,0.7158288679623097
1144,0.7158288679623097
1145,0.7386611377530992
1146,0.7614946247452116
1147,0.7614946247452116
1148,0.7614946247452116
1149,0.7614946247452116
1150,0.7614946247452116
1151,0.8758403945339363
1152,0.8758403945339363
1153,0.8758403945339363
1154,0.8758403945339363
1155,0.8758403945339363
1156,0.7778097349871411
1157,0.800702755106659
1158,0.800702755106659
1159,0.8235993072840249
1160,0.8923537104327343
1161,1.0071675583479887
1162,1.0531658381824864
1163,1.0531658381824864
1164,1.0531658381824864
1165,1.0761749375231937
1166,1.122236104554087
1167,1.122236104554087
1168,1.122236104554087
1169,1.1683369654656954
1170,1.1913985479991986
1171,1.2606579736556494
1172,1.2606579736556494
1173,1.0930676408378692
1174,1.2316168708531237
1175,1.25474264049194
1176,1.2784228639232813
1177,1.2951727093194145
1178,1.387990643734506
1179,1.4112304258987776
1180,1.4809881424903626
1181,1.3357521461545376
1182,1.3357521461545376
1183,1.3357521461545376
1184,1.3590012648521517
1185,1.3590012648521517
1186,1.3590012648521517
1187,1.1905169075874806
1188,1.213732705455782
1189,1.213732705455782
1190,1.213732705455782
1191,1.213732705455782
1192,1.213732705455782
1193,1.2310039724726296
1194,1.2780786201132257
1195,1.1087429746474502
1196,1.1087429746474502
1197,1.1087429746474502
1198,1.1087429746474502
1199,1.1087429746474502
1200,1.1087429746474502
1201,1.1087429746474502
1202,1.2949492530296172
1203,1.1957705565660373
1204,1.1957705565660373
1205,1.1957705565660373
1206,1.1957705565660373
1207,1.1957705565660373
1208,1.1957705565660373
1209,1.1957705565660373
1210,1.1957705565660373
1211,1.0499394417531294
1212,1.0732128187293781
1213,1.2131112084720748
1214,1.2131112084720748
1215,1.2131112084720748
1216,1.2131112084720748
1217,1.3533857035725712
1218,1.3768084528154056
1219,1.3768084528154056
1220,1.4242233409455347
1221,1.3007218082054346
1222,1.3007218082054346
1223,1.347587744734799
1224,1.4414521798179485
1225,1.464942524429946
1226,1.3417915435573438
1227,1.3417915435573438
1228,1.3417915435573438
1229,1.3417915435573438
1230,1.3417915435573438
1231,1.3417915435573438
1232,1.2420276627680389
1233,1.2420276627680389
1234,1.2420276627680389
1235,1.265502953129321
1236,1.3124721114324762
1237,1.3359683320929772
1238,1.430083495066084
1239,1.2831002002621676
1240,1.2831002002621676
1241,1.2831002002621676
1242,1.3066192363834737
1243,1.3772537067754043
1244,1.3772537067754043
1245,1.424944409725263
1246,1.3714873044437805
1247,1.442315144055706
1248,1.536892955003518
1249,1.536892955003518
1250,1.536892955003518
1251,1.4602947850092531
1252,1.5076531852592376
1253,1.5313430432551713
1254,1.5313430432551713
1255,1.5313430432551713
1256,1.3835955810183227
1257,1.525790935404782
1258,1.5495261793505954
1259,1.5738307522736534
1260,1.5439914834445894
1261,1.6630045643208535
1262,1.5146504840835753
1263,1.5384475163917908
1264,1.5622676175720516
1265,1.5622676175720516
1266,1.5860869825221204
1267,1.5860869825221204
1268,1.4376369288132436
1269,1.4852490548626325
1270,1.5567487223919219
1271,1.652244054083258
1272,1.527352050589016
1273,1.527352050589016
1274,1.5756751327259375
1275,1.497892551103644
1276,1.5457036532403625
1277,1.7854195888919548
1278,1.7854195888919548
1279,1.6120584467897663
1280,1.6120584467897663
1281,1.6120584467897663
1282,1.558602152777386
1283,1.6066114544471675
1284,1.6787117767971433
1285,1.7990961933287097
1286,1.6252132819009648
1287,1.6252132819009648
1288,1.697448803017566
1289,1.6438900296641916
1290,1.6438900296641916
1291,1.740387788340163
1292,1.788709035251725
1293,1.6143601174811772
1294,1.638485986593716
1295,1.638485986593716
1296,1.831949758884063
1297,1.65725025044202
1298,1.65725025044202
1299,1.7782971809773371
1300,1.6276622107205128
1301,1.6518756427698609
1302,1.7730918073808364
1303,1.7730918073808364
1304,1.8216592575394603
1305,1.6950057147013138
1306,1.7921844492071768
1307,1.8651862085972768
1308,1.8651862085972768
1309,1.7383117342779655
1310,1.7383117342779655
1311,1.6356994247350598
1312,1.7336192525175103
1313,1.879425238340546
1314,1.7033858930494576
1315,1.7277703157778652
1316,1.874357006965995
1317,1.7713815550601344
1318,1.8203125526645774
1319,1.8203125526645774
1320,1.9183035763214074
1321,1.7661631623038183
1322,1.7661631623038183
1323,1.7119205492546672
1324,1.8100034041719966
1325,1.8100034041719966
1326,1.8345512266819994
1327,1.7066287622369196
1328,1.9032533801948015
1329,1.7996727801082957
1330,1.8735631318128543
1331,1.8735631318128543
1332,1.8982228457151873
1333,1.7452346986209626
1334,1.8191570822926002
1335,1.8685024896297042
1336,1.8140189345941662
1337,1.8634336941701162
1338,1.883108005222249
1339,1.9574521891093106
1340,1.8037098293947866
1341,1.8037098293947866
1342,1.902863717802025
1343,1.8233484854401085
1344,1.8729966763971202
1345,1.947551104432991
1346,1.8182217304872912
1347,1.942602651242827
1348,1.788211731075287
1349,1.788211731075287
1350,1.788211731075287
1351,1.9127055831752906
1352,1.9376463932115946
1353,1.8827368014770691
1354,1.9326695769936983
1355,2.007661828775001
1356,1.903280867588338
1357,1.84762719687117
1358,1.8726500411906482
1359,1.8425424361578013
1360,1.9428330230676731
1361,2.0181762861339125
1362,2.043311270762772
1363,1.9881684280892535
1364,2.0385106135959057
1365,1.8826058742914324
1366,2.008477588777149
1367,2.033694811171123
1368,1.9027571295530996
1369,2.0794087596278175
1370,2.0794087596278175
1371,1.9734893574086259
1372,1.9180142941097176
1373,1.9685964840471555
1374,2.019226374323003
1375,1.913630705550723
1376,2.0397668852438064
1377,2.0603807606505544
1378,2.0858081132899247
1379,1.9284534873064867
1380,2.0047168175435535
1381,2.055607192186836
1382,2.1065611150150203
1383,1.9489332962926802
1384,1.999856838125913
1385,1.9694998299505815
1386,1.9694998299505815
1387,1.9950100584973343
1388,2.1739038371015647
1389,1.9085915685594756
1390,1.9852863466121478
1391,1.9852863466121478
1392,2.1390381381981007
1393,1.9804275430941685
1394,1.9498940207451532
1395,1.9498940207451532
1396,1.867982506848929
1397,1.9963844475117534
1398,2.15087767960477
1399,1.9915358880343543
1400,1.9915358880343543
1401,1.9915358880343543
1402,1.9351374013216147
1403,1.986687457825128
1404,2.064103921313158
1405,1.9560163113606557
1406,1.9560163113606557
1407,1.8994445536720441
1408,2.1064468786695727
1409,1.9721140064619933
1410,2.049873575553999
1411,2.049873575553999
1412,1.915389385539852
1413,1.9931951744848952
1414,1.8844982969251296
1415,1.9370057177294575
1416,1.9574975425892185
1417,1.9265622569938565
1418,1.9265622569938565
1419,2.004741570121103
1420,1.947724010249078
1421,1.9738216873172003
1422,2.1051389306060333
1423,2.0689542815236353
1424,1.9068266111140355
1425,1.8756572108332088
1426,1.9806487222083737
1427,2.085867394623558
1428,1.8130982791187065
1429,1.8656741109178983
1430,1.8656741109178983
1431,1.755416962124096
1432,1.9348661457580154
1433,1.9612999681896952
1434,1.9612999681896952
1435,2.067153953808224
1436,1.9829267897892036
1437,1.9250870236208788
1438,1.8671374250891006
1439,1.8355976623421983
1440,1.8621396925530005
1441,1.9152785724692785
1442,2.021720169456728
1443,1.9103754191204378
1444,2.04365862237915
1445,1.9054513542377571
1446,2.038948303440278
1447,1.873847677990002
1448,1.9005388396536513
1449,1.980709681103417
1450,1.9223702596937482
1451,2.0027057590391353
1452,1.890683484694725
1453,1.9442846304174162
1454,2.0516509122820112
1455,1.885756936138914
1456,1.9394402100631056
1457,2.042271322133216
1458,2.042271322133216
1459,1.8758734344547805
1460,2.010594236808699
1461,2.0375865646009976
1462,1.9248640439275913
1463,2.059932723422219
1464,1.8659711474482916
1465,1.892975214329203
1466,1.8340005898339025
1467,2.0234843811888252
1468,2.0506056460046236
1469,1.9102423702928175
1470,2.0187648371608176
1471,2.100320048037451
1472,1.905356161853773
1473,1.9325146323970543
1474,1.8461294685433436
1475,1.8732902460334808
1476,2.06387117044676
1477,1.9228186007198815
1478,2.031917203233814
1479,1.863427106793264
1480,2.027233103462988
1481,2.0225450215395164
1482,2.0499354981867963
1483,1.8808799507105491
1484,1.963028086246928
1485,1.930811850714927
1486,1.9857046407719618
1487,2.178283473767637
1488,2.0910845524012145
1489,1.9211505985859882
1490,2.031338380885818
1491,2.1417646708479325
1492,1.9114838219035277
1493,2.077365078793972
1494,2.188261240676549
1495,1.9896417032133542
1496,2.128298260927947
1497,1.9849266153607583
1498,2.095991060354362
1499,2.123792198339402
1500,1.9802136263268373
1501,2.031158703294252
1502,2.031158703294252
1503,1.9150503979257074
1504,2.0544309334977933
1505,2.0544309334977933
1506,1.9660356810646866
1507,1.8216972927812936
1508,1.9054037084561812
1509,2.0732469155194395
1510,1.9005857241905204
1511,1.928570614755681
1512,2.152953713050641
1513,2.0641230973556786
1514,2.092245559816897
1515,1.975174706661077
1516,2.0320769963735814
1517,1.9704692521356002
1518,2.16791961125814
1519,2.191842558944022
1520,1.9706154241378202
1521,1.937452757540352
1522,2.108575897183557
1523,1.9327079146606994
1524,2.0183502311324224
1525,2.0137508636429025
1526,2.0996778331288346
1527,2.066519712125641
1528,2.095219461897909
1529,2.1526731572210545
1530,1.975853151884438
1531,2.090758394192274
1532,2.0287254417036293
1533,2.052990059330266
1534,2.048471275608077
1535,2.1931064755465637
1536,2.073582202604559
1537,1.9525677082200252
1538,2.1845474955292703
1539,2.034916625627119
1540,2.18027714590259
1541,2.1176952220509406
1542,2.1176952220509406
1543,2.2051555469014295
1544,2.1424988311985746
1545,1.9921794083147786
1546,1.9921794083147786
1547,2.1089449860273497
1548,2.046033565380804
1549,2.046033565380804
1550,2.07529027225988
1551,2.012283809658676
1552,2.1588502557726286
1553,1.9491249770954173
1554,2.1034301696962387
1555,1.950862752650337
1556,2.099090239880919
1557,2.03529824372951
1558,2.0650055504225913
1559,1.9416484045406315
1560,2.06060313023448
1561,1.9377397711114293
1562,2.0860337098276647
1563,2.0517894836232635
1564,2.1414892065362183
1565,1.9875668252469805
1566,2.047386574329424
1567,1.9531170340830577
1568,2.2231517760803445
1569,2.2231517760803445
1570,2.0385557622810015
1571,2.1588163512411445
1572,2.064235102109896
1573,1.9093327648046574
1574,2.029724823266952
1575,2.090029094135436
1576,1.9649761492231272
1577,1.9951313626617821
1578,2.0555013705600818
1579,1.9906630236881204
1580,2.0813990204055366
1581,2.046773922853244
1582,2.1377757439564884
1583,1.9514042100095454
1584,1.9817137582992403
1585,2.163989743024045
1586,2.0076217286932483
1587,2.0684491697709686
1588,1.9423383150642168
1589,2.0641332234454355
1590,2.1251429302479212
1591,1.963798933669109
1592,1.963798933669109
1593,1.9943391982346834
1594,1.9287344176038015
1595,2.1746215978462144
1596,2.077555263676705
1597,1.8889817610888606
1598,2.0117796303935562
1599,2.073291168753841
1600,1.9458475857463717
1601,2.069010851409753
1602,1.8797813415381293
1603,1.941361804113271
1604,1.9060183370280677
1605,1.9368770723070774
1606,1.9368770723070774
1607,1.83971313596584
1608,2.025216621496336
1609,2.0872034526512655
1610,1.9898684367293398
1611,2.020881048457385
1612,1.9544244327416411
1613,1.9854734815805315
1614,2.0787622088414053
1615,1.9499834130124394
1616,2.1057242385751396
1617,1.976710250171069
1618,2.003561078663854
1619,2.003561078663854
1620,2.003561078663854
1621,1.8429245453518581
1622,1.936654405860876
1623,1.900888635809906
1624,1.9321979490634962
1625,1.9948900121378677
1626,1.9591391563204201
1627,1.9905561415717605
1628,2.1122824663752477
1629,2.143856785530102
1630,1.950364440066929
1631,1.950364440066929
1632,2.0134204054622753
1633,1.8513357317653554
1634,1.783669712527778
1635,1.8475074040129955
1636,2.0999613591276147
1637,2.000577831490171
1638,1.8059500108948456
1639,1.8693244504464648
1640,1.8693244504464648
1641,1.7379142311627465
1642,1.864812213924218
1643,1.960188069299687
1644,1.828486145088405
1645,1.95585135602661
1646,1.8557786888597643
1647,1.9515109951393488
1648,1.7236699038005552
1649,1.7874265129536726
1650,1.591414128530584
1651,1.7189182027766838
1652,1.7827951284587382
1653,1.942834175605194
1654,1.8101790241979234
1655,1.9384874353871786
1656,2.002764602835856
1657,1.9341455297627648
1658,1.7367544488773714
1659,1.8331873914829462
1660,1.8653755627626647
1661,1.8286635467983865
1662,1.8609082154325902
1663,1.8609082154325902
1664,1.6951309182831342
1665,1.7918573651978817
1666,1.6581031676765385
1667,1.6581031676765385
1668,1.7549511541811564
1669,1.6209793620529378
1670,1.6855967318674072
1671,1.8475197102811105
1672,1.7136151480383264
1673,1.708525616450958
1674,1.7410132241538527
1675,1.838584413959711
1676,1.671295439022298
1677,1.7689311260636165
1678,1.8015180396486445
1679,1.8623475826847238
1680,1.895061949123025
1681,1.727444008753949
1682,1.7224092388870818
1683,1.7224092388870818
1684,1.7551628077071584
1685,1.7505658505790795
1686,1.914941500905006
1687,1.9808451784012768
1688,2.013827340490016
1689,1.8447279149640832
1690,2.075892991295066
1691,2.2416511078236017
1692,2.0387715093336896
1693,1.8689961467391107
1694,2.034747909717728
1695,1.9642279545260037
1696,1.7939106707390746
1697,1.8271007296470365
1698,1.9268042201396558
1699,1.8559744662817532
1700,1.8892716138679901
1701,1.9559312616363025
1702,2.056081094045209
1703,1.8849885475468602
1704,1.8849885475468602
1705,1.8472894038088734
1706,1.9811195481923485
1707,1.8764384657831024
1708,1.8764384657831024
1709,2.010615467034865
1710,1.9729577550185944
1711,2.0066044585538814
1712,2.1413967338012507
1713,2.0363223556504666
1714,2.0363223556504666
1715,2.1714664193179964
1716,2.0323739931310194
1717,2.100034718590654
1718,1.8931136341300245
1719,2.028426466697717
1720,2.1980813836169446
1721,2.1944720784160947
1722,2.262624443923552
1723,2.2967347255926325
1724,2.0848059239256567
1725,2.221865903686968
1726,2.183666012019143
1727,2.1114678020564845
1728,2.145756406614313
1729,2.0048133211393995
1730,2.107744515207153
1731,2.0352355486829112
1732,2.0352355486829112
1733,1.9281854926302529
1734,1.9969663869223935
1735,2.134796679439634
1736,1.9585697926581491
1737,2.0965882321943448
1738,1.885580148169549
1739,1.885580148169549
1740,1.95457804057745
1741,1.8469171032258924
1742,1.8469171032258924
1743,1.91601270505983
1744,1.7735882542595494
1745,1.9812859930917754
1746,1.8732107982068618
1747,1.977379107585078
1748,1.7649340902411566
1749,1.5525101681959281
1750,1.6564568403727473
1751,1.5824628730148709
1752,1.7562898716439068
1753,1.7562898716439068
1754,1.8608628445454782
1755,1.7170800481128872
1756,1.7170800481128872
1757,1.7868687822796996
1758,1.607982517117204
1759,1.6432681497832589
1760,1.5684485216299833
1761,1.6733058901418434
1762,1.5287999175606484
1763,1.5637736676192777
1764,1.6688431425779713
1765,1.5240613803865843
1766,1.5193170632134982
1767,1.5895726459562176
1768,1.6603373866900566
1769,1.5497661528241247
1770,1.5849775835289928
1771,1.6202134411715683
1772,1.4393906489501542
1773,1.580373068880144
1774,1.3992476477632116
1775,1.5050923739091064
1776,1.5757819081451716
1777,1.3589882599619976
1778,1.4296146354531631
1779,1.5003501208898355
1780,1.5357531031433653
1781,1.3893276593423765
1782,1.4247325022657642
1783,1.2431379139959615
1784,1.3843719143255824
1785,1.5264201245880402
1786,1.308393601163244
1787,1.3438834849661343
1788,1.4149556803933037
1789,1.2677374261161496
1790,1.2677374261161496
1791,1.3388524102637016
1792,1.2981735485200512
1793,1.4051786614234214
1794,1.4051786614234214
1795,1.293057659300921
1796,1.3287745330976746
1797,1.3287745330976746
1798,1.1450436029055509
1799,1.2521887762137176
1800,1.3237486737145305
1801,1.3237486737145305
1802,1.2469999684307957
1803,1.2828396144373253
1804,1.2828396144373253
1805,1.062622873240621
1806,1.1342223226726
1807,1.0212218222773455
1808,1.0929225127552529
1809,1.1288092442116728
1810,1.1647214634035148
1811,1.0874266661566732
1812,1.1233880404256165
1813,1.1233880404256165
1814,1.1953912046903588
1815,1.009946362245683
1816,1.009946362245683
1817,1.0459313805435904
1818,0.8962762992885134
1819,1.0042986901772488
1820,1.0403587753932992
1821,1.1486936847307516
1822,0.998653661199653
1823,1.070943246154098
1824,1.1795863621816054
1825,0.9568130130174496
1826,1.0292130592517081
1827,0.8786320435762665
1828,0.8786320435762665
1829,0.9148411707918599
1830,0.9873410895510937
1831,0.9873410895510937
1832,0.7640545826723611
1833,0.8364945931559487
1834,0.9090424636921229
1835,0.9453464784545529
1836,0.7579297959192796
1837,0.7942164381911156
1838,0.830525593968555
1839,0.8668609185069277
1840,0.6791693815396499
1841,0.6791693815396499
1842,0.7881724804071536
1843,0.8974045752857573
1844,0.9338691233794565
1845,0.7092708069901736
1846,0.7092708069901736
1847,0.7092708069901736
1848,0.7821165724925287
1849,0.5937599149256877
1850,0.5937599149256877
1851,0.739544328071953
1852,0.739544328071953
1853,0.739544328071953
1854,0.5508557163710383
1855,0.5873136045930785
1856,0.6603124047528741
1857,0.6603124047528741
1858,0.4348806056919346
1859,0.507810767980336
1860,0.507810767980336
1861,0.5443192340599398
1862,0.6174194495815732
1863,0.6174194495815732
1864,0.4281081045654906
1865,0.4646407011841087
1866,0.4646407011841087
1867,0.537789348865679
1868,0.537789348865679
1869,0.5744018007994468
1870,4.77296582519786
1871,4.77296582519786
1872,4.77296582519786
1873,4.77296582519786
1874,4.745008430912212
1875,4.6890569620479186
1876,4.661062873314087
1877,4.590987422142248
1878,4.752826508160733
1879,4.752826508160733
1880,4.612645650872018
1881,4.5986127309625
1882,4.5986127309625
1883,4.5986127309625
1884,4.5986127309625
1885,4.718591822592464
1886,4.634363173797195
1887,4.634363173797195
1888,4.634363173797195
1889,4.620307071741793
1890,4.740412980221023
1891,4.642034757586392
1892,4.642034757586392
1893,4.642034757586392
1894,4.642034757586392
1895,4.642034757586392
1896,4.642034757586392
1897,4.80443302380875
1898,4.720107512071848
1899,4.621546958336435
1900,4.508653520670898
1901,4.629215867975872
1902,4.629215867975872
1903,4.586861641090411
1904,4.558597988669335
1905,4.445395566381441
1906,4.41705795070803
1907,4.580329302783305
1908,4.580329302783305
1909,4.580329302783305
1910,4.509550277635696
1911,4.452844318273482
1912,4.559610718965528
1913,4.517075867045713
1914,4.460298512822829
1915,4.403463548509666
1916,4.403463548509666
1917,4.538819012812238
1918,4.5246148664565435
1919,4.467765939979529
1920,4.410849274034461
1921,4.353864747474717
1922,4.461008384160444
1923,4.446760866728781
1924,4.446760866728781
1925,4.446760866728781
1926,4.525477657427451
1927,4.439942637179946
1928,4.382830761271248
1929,4.297041273527141
1930,4.254076598865804
1931,4.196753746431484
1932,4.347262578368196
1933,4.347262578368196
1934,4.347262578368196
1935,4.512026333544153
1936,4.483435681210594
1937,4.354595691549955
1938,4.225397592240764
1939,4.376275966836429
1940,4.376275966836429
1941,4.376275966836429
1942,4.318842863234069
1943,4.398006503531545
1944,4.383648248356167
1945,4.354898668780194
1946,4.448522588203896
1947,4.290204193489435
1948,4.275782840357154
1949,4.275782840357154
1950,4.275782840357154
1951,4.441589079132488
1952,4.340743480417423
1953,4.283020356834443
1954,4.3913593715881944
1955,4.333624632042835
1956,4.261342888804349
1957,4.261342888804349
1958,4.261342888804349
1959,4.384293428337034
1960,4.138013445219303
1961,4.261277244322795
1962,4.261277244322795
1963,4.261277244322795
1964,4.42802486487915
1965,4.28302401842856
1966,4.224897791286302
1967,4.377422798658027
1968,4.304801644139726
1969,4.232058453563103
1970,4.173786266974363
1971,4.312072568819535
1972,4.312072568819535
1973,4.312072568819535
1974,4.1516921302015515
1975,4.304776779026325
1976,4.231822844912368
1977,4.355831108853175
1978,4.355831108853175
1979,4.239010882904642
1980,4.1951322534767295
1981,4.319333092623067
1982,4.231557055973382
1983,4.1436066191949745
1984,4.31198705082844
1985,4.209396136387477
1986,4.150672459067191
1987,4.304613413640637
1988,4.289944520818618
1989,4.157754195095122
1990,4.098881567671527
1991,4.267809951967077
1992,4.267809951967077
1993,4.304462169648369
1994,4.230182056819514
1995,4.297005047518566
1996,4.223292216279602
1997,4.274756264400965
1998,4.274756264400965
1999,4.215683362909635
2000,4.2967664494705495
2001,4.237634148520292
2002,4.407469053281808
2003,4.333602364998764
2004,4.230003232293805
2005,4.230003232293805
2006,4.340922698528658
2007,4.252012799035241
2008,4.207501038419211
2009,4.184902583273273
2010,4.340716937122724
2011,4.340716937122724
2012,4.325864652445613
2013,4.214053215952173
2014,4.154381300098241
2015,4.325588888729351
2016,4.236124291290362
2017,4.1528655281387294
2018,4.294665299394892
2019,4.242706350446963
2020,4.197724714839097
2021,4.279905900330877
2022,4.279905900330877
2023,4.437092442493015
2024,4.151780698150456
2025,4.121649223517184
2026,4.294388588983419
2027,4.2793506400937495
2028,4.0682812627493
2029,4.226289508327725
2030,4.226289508327725
2031,4.383887459570755
2032,4.180094671729276
2033,4.164951582850238
2034,4.164951582850238
2035,4.262949499444505
2036,4.187191629339475
2037,4.111318324074888
2038,4.209488402442084
2039,4.1639332428621145
2040,4.171006779275379
2041,4.171006779275379
2042,4.330184307237298
2043,4.208541318706809
2044,4.132360672630992
2045,4.215687074849991
2046,4.047696481130467
2047,4.032392463348619
2048,4.192285727335951
2049,4.321612728234462
2050,4.1075344392835245
2051,4.26775016283006
2052,4.252447078878144
2053,4.290273098135276
2054,4.16760456534226
2055,4.343500173425712
2056,4.251496348728837
2057,4.190058493506601
2058,4.212188001229803
2059,4.265885015338137
2060,4.2042785106164215
2061,4.226831007425366
2062,4.165080161662608
2063,4.118352541350158
2064,4.318432081206051
2065,4.318432081206051
2066,4.163728052976604
2067,4.310232718135815
2068,4.2173196436140925
2069,4.201812709583152
2070,4.317142509203935
2071,4.324773007874015
2072,4.324773007874015
2073,4.2698753190722
2074,4.254313922637615
2075,4.145264164510955
2076,4.346655023459344
2077,4.284297960388127
2078,4.353968796738502
2079,4.353968796738502
2080,4.291524910755781
2081,4.283106792636648
2082,4.267459678537768
2083,4.337314387284786
2084,4.243293870394461
2085,4.211913661415719
2086,4.28186684784488
2087,4.28186684784488
2088,4.3833008064073535
2089,4.17892286310143
2090,4.343511857207979
2091,4.327780910243096
2092,4.154431545304183
2093,4.294995038035474
2094,4.2001561973655095
2095,4.302227825878744
2096,4.286042488119707
2097,4.372763111854443
2098,4.325294408866568
2099,4.395935530423613
2100,4.2532428945205485
2101,4.1893166708670275
2102,4.347129138948484
2103,4.124052235887455
2104,4.091726529916346
2105,4.425463159160885
2106,4.425463159160885
2107,4.361740961751674
2108,4.464751092473592
2109,4.376381305730977
2110,4.328390341260305
2111,4.264336487169029
2112,4.399718692942884
2113,4.391059853708136
2114,4.391059853708136
2115,4.310825693958117
2116,4.366283304061377
2117,4.334137516936687
2118,4.35750665383927
2119,4.309195840466614
2120,4.397032346677513
2121,4.154799946392666
2122,4.138603904711094
2123,4.307503404174339
2124,4.307503404174339
2125,4.476333831013317
2126,4.419134972132547
2127,4.370570827475556
2128,4.394107983541914
2129,4.296731491827771
2130,4.215435745296267
2131,4.320203217441964
2132,4.238810278348539
2133,4.29484986888106
2134,4.245925930166491
2135,4.302053080779277
2136,4.302053080779277
2137,4.439845219615062
2138,4.341938490301421
2139,4.479896374499007
2140,4.349206839367436
2141,4.250950663362783
2142,4.356476273974878
2143,4.274493068440658
2144,4.347341451675564
2145,4.100520408666615
2146,4.2723577778111315
2147,4.206450694362865
2148,4.156965333727935
2149,4.328955583390234
2150,4.246518235184108
2151,4.220572884129874
2152,4.187495071375933
2153,4.359950691949843
2154,4.267495016887167
2155,4.251305862884309
2156,4.357949159186498
2157,4.258424034446639
2158,4.348614948346714
2159,4.315401000102858
2160,4.389112015850467
2161,4.239356010484489
2162,4.196345223117774
2163,4.370398890268078
2164,4.370398890268078
2165,4.153139871774501
2166,4.294113678516692
2167,4.401693705159391
2168,4.217432031908429
2169,4.099804316859895
2170,4.207672187093113
2171,4.207672187093113
2172,4.248366518486179
2173,4.248366518486179
2174,4.390083038030583
2175,4.272297072218876
2176,4.245662335117646
2177,4.2019795237028905
2178,4.310611014386664
2179,4.317778026785948
2180,4.283878214464163
2181,4.460514941635684
2182,4.2230250203166815
2183,4.400080286806876
2184,4.195983553673292
2185,4.151731377399768
2186,4.329488813082678
2187,4.24414661907417
2188,4.353750994930482
2189,4.268308495045509
2190,4.275393856073141
2191,4.172499336308867
2192,4.351074701469309
2193,4.2481676400426975
2194,4.196636183923721
2195,4.3067729540044555
2196,4.158833774589105
2197,4.123900204228918
2198,4.30080472738377
2199,4.30080472738377
2200,4.231568636935874
2201,4.273258276652251
2202,4.186496912869115
2203,4.332391598279721
2204,4.2455963766197256
2205,4.270013065197522
2206,4.148086223724408
2207,4.388730592999641
2208,4.26668849127664
2209,4.161830978887208
2210,4.256248132940759
2211,4.186232671360897
2212,4.228229085219876
2213,4.193154275052854
2214,4.217639515905522
2215,4.217639515905522
2216,4.312483562648856
2217,4.154177015539514
2218,4.21394341986697
2219,4.161034455432451
2220,4.224020171265823
2221,4.284262384024881
2222,4.177611763751256
2223,4.184061653788188
2224,4.3161580338669525
2225,4.244883372950523
2226,4.048332550332651
2227,4.198237654761794
2228,4.126661894134291
2229,4.294580513890116
2230,4.187205404043706
2231,4.2478750799127845
2232,4.104268434068075
2233,4.236876987865554
2234,4.236876987865554
2235,4.153788083244684
2236,4.286781142240272
2237,4.23273821360352
2238,4.347853918663638
2239,4.203531391650919
2240,4.076890090810979
2241,4.22849732779724
2242,4.362069608518382
2243,4.108389902748071
2244,4.260463198370642
2245,4.24189225892356
2246,4.012316790963522
2247,4.201492335629916
2248,4.281324945821479
2249,4.13524166207766
2250,4.233473633746896
2251,4.1968936014561145
2252,4.105321144404796
2253,4.25866919684172
2254,4.167052530835461
2255,4.28392340756735
2256,4.345923504137915
2257,4.235761582482862
2258,4.224228802507254
2259,4.113588791759069
2260,4.09512608762521
2261,4.157219444279415
2262,4.274879971449174
2263,4.274879971449174
2264,4.163956776436487
2265,4.133596566737148
2266,4.233117109404805
2267,4.177433119119251
2268,4.047266536754384
2269,4.202785886099285
2270,4.035145418079619
2271,4.153663854011763
2272,4.153663854011763
2273,4.290933774328267
2274,4.085587704621035
2275,4.185770481829424
2276,4.092165333804644
2277,4.1362773349072555
2278,4.199258068680465
2279,4.1617112359120245
2280,4.105337651115288
2281,4.030065232279146
2282,4.231596442194848
2283,4.0618946081625396
2284,4.219530139237825
2285,4.200666461512059
2286,4.245193378694797
2287,4.2262993247448986
2288,4.252002203935285
2289,4.1004084681095465
2290,4.1004084681095465
2291,4.239411000272241
2292,4.037284947193723
2293,4.215373237511555
2294,4.158218694367501
2295,4.31736645043811
2296,4.1648518754408315
2297,4.152362474833423
2298,4.133227398122026
2299,4.133227398122026
2300,4.082232793183275
2301,4.22987112648585
2302,4.095202316006016
2303,4.236149454507101
2304,4.204762758610028
2305,4.146839651780592
2306,4.127522177927653
2307,4.230746993312269
2308,4.211425025162714
2309,4.198730129117148
2310,4.205373751389488
2311,4.127703013284397
2312,4.289710983768483
2313,4.413002931783614
2314,4.257604616505234
2315,4.0235652662582595
2316,4.225329247473223
2317,4.225329247473223
2318,4.271060592523825
2319,4.114612716358942
2320,4.219085585058837
2321,4.179901414300057
2322,4.166834987354677
2323,4.068526365671255
2324,4.212711442367667
2325,4.153688844496872
2326,4.317694816816807
2327,4.239006741810223
2328,4.304797099337582
2329,4.186456135519666
2330,4.370718260383851
2331,4.153423879236187
2332,4.14006958819957
2333,4.1202188419505115
2334,4.305281390896731
2335,4.1862640651430825
2336,4.027101056375216
2337,4.192785977688295
2338,4.192785977688295
2339,4.21924275293573
2340,4.119512684998351
2341,4.245773215025938
2342,4.045821029995048
2343,4.1322938616745315
2344,4.1322938616745315
2345,4.319032319479
2346,4.258996065778685
2347,4.305718486239736
2348,4.18529381595055
2349,4.16519021344457
2350,4.332488064131275
2351,4.050639333680496
2352,4.238570344019495
2353,4.426480243890192
2354,4.345963378046784
2355,4.245126316459237
2356,4.231461972624258
2357,4.19097441209587
2358,4.339232110215791
2359,4.237984385168674
2360,4.426945966756944
2361,4.325675792523121
2362,4.39325857181164
2363,4.352669847804522
2364,4.352669847804522
2365,4.521834834054486
2366,4.298335880902844
2367,4.406862859934483
2368,4.345735813560495
2369,4.434056718193721
2370,4.393258115991445
2371,4.291116201683743
2372,4.3995600753913005
2373,4.427295494305098
2374,4.283764200609258
2375,4.201549359548251
2376,4.393074578818729
2377,4.290315630601644
2378,4.379254801727705
2379,4.379254801727705
2380,4.46834940474936
2381,4.303430522912534
2382,4.303430522912534
2383,4.495841653722385
2384,4.461443035836154
2385,4.337282222682913
2386,4.42685580585958
2387,4.42685580585958
2388,4.364649280524806
2389,4.302361724642342
2390,4.475131704821045
2391,4.565039748213698
2392,4.544292657735258
2393,4.419591300192251
2394,4.592830589945371
2395,4.509657083587036
2396,4.620702030850121
2397,4.579069862378203
2398,4.433070625009163
2399,4.412181291425587
2400,4.606955287653784
2401,4.5234581957929265
2402,4.614022739193794
2403,4.467532653294795
2404,4.446564565991707
2405,4.642015189127605
2406,4.642015189127605
2407,4.642015189127605
2408,4.753842206799808
2409,4.649132166265459
2410,4.719222687137399
2411,4.487913937837593
2412,4.340129892375669
2413,4.558032734534277
2414,4.51582978637355
2415,4.691592252560685
2416,4.607209082611467
2417,4.656510692738835
2418,4.5930632834923095
2419,4.529522897568984
2420,4.493894181225199
2421,4.47263966192669
2422,4.479374264592568
2423,4.458071227039661
2424,4.201633778259104
2425,4.5356066448328765
2426,4.5356066448328765
2427,4.321469184571436
2428,4.499595114224044
2429,4.499595114224044
2430,4.549262792596042
2431,4.484872718364099
2432,4.463385036750095
2433,4.713430124566814
2434,4.713430124566814
2435,4.763566244102684
2436,4.591352774772267
2437,4.591352774772267
2438,4.770786821190338
2439,4.706153764594913
2440,4.734851084300383
2441,4.734851084300383
2442,4.670032322623772
2443,4.785250278227796
2444,4.6337055473097735
2445,4.814146404960387
2446,4.662371592608455
2447,4.778033826380133
2448,4.756311925101266
2449,4.5599208278002825
2450,4.676343686673021
2451,4.814234482879542
2452,4.7706390951236735
2453,4.661483365526274
2454,4.821490080460475
2455,4.624105720658127
2456,4.67539401821855
2457,4.499522762373079
2458,4.704343687071969
2459,4.704343687071969
2460,4.843297878203292
2461,4.711345198732254
2462,4.828561674038472
2463,4.806543645583992
2464,4.696282848303198
2465,4.857856846156196
2466,4.72537323340343
2467,4.909308673807847
2468,4.79880855879776
2469,4.754023248725866
2470,4.739414869605613
2471,4.768679882518703
2472,4.67965562575321
2473,4.887022275159163
2474,4.887022275159163
2475,5.0055577085856005
2476,4.8720425606483255
2477,4.849756139691528
2478,4.7604947655377465
2479,4.834632632898775
2480,4.812273130798569
2481,5.020631892565604
2482,4.9983175438956815
2483,4.975986008049441
2484,5.094672416446969
2485,5.147601313929647
2486,5.125248517925356
2487,5.080506828945356
2488,5.035720680615566
2489,5.132986052774524
2490,5.320009742105712
2491,5.162650995827903
2492,5.215924783171241
2493,5.058401387570542
2494,4.990733223712763
2495,5.201299299518716
2496,5.178775597889527
2497,5.06596698983367
2498,5.254272505090469
2499,5.163995489849951
2500,5.118790175945942
2501,5.239621762143762
2502,5.194399126516106
2503,5.270186017621601
2504,5.270186017621601
2505,5.111433636037533
2506,5.255466069585856
2507,5.255466069585856
2508,5.255466069585856
2509,5.255466069585856
2510,5.39966018152829
2511,5.2633880010830385
2512,5.476018497948967
2513,5.4533114035764445
2514,5.362398848952141
2515,5.316887223613204
2516,5.507115450333014
2517,5.369998695495977
2518,5.5383133120959185
2519,5.5383133120959185
2520,5.492754398426152
2521,5.66072581518564
2522,5.592390195194373
2523,5.523964634552682
2524,5.523964634552682
2525,5.478290939774269
2526,5.692241218746772
2527,5.692241218746772
2528,5.646624542214311
2529,5.555270103414249
2530,5.723865866553623
2531,5.723865866553623
2532,5.632444299487643
2533,5.632444299487643
2534,5.824138309470857
2535,5.732703150440581
2536,5.686917812793954
2537,5.686917812793954
2538,5.641090270428929
2539,3.2364270541035434
2540,3.076733139631959
2541,3.076733139631959
2542,3.076733139631959
2543,3.076733139631959
2544,3.076733139631959
2545,3.076733139631959
2546,3.076733139631959
2547,3.076733139631959
2548,3.076733139631959
2549,3.076733139631959
2550,3.076733139631959
2551,3.076733139631959
2552,3.076733139631959
2553,3.0878453474010024
2554,2.928093226654742
2555,3.0878453474010024
2556,2.928093226654742
2557,2.928093226654742
2558,2.928093226654742
2559,2.928093226654742
2560,2.928093226654742
2561,2.928093226654742
2562,2.928093226654742
2563,2.928093226654742
2564,2.928093226654742
2565,2.928093226654742
2566,2.928093226654742
2567,2.928093226654742
2568,2.928093226654742
2569,2.928093226654742
2570,2.928093226654742
2571,2.928093226654742
2572,2.928093226654742
2573,2.928093226654742
2574,2.928093226654742
2575,2.928093226654742
2576,2.928093226654742
2577,2.928093226654742
2578,2.928093226654742
2579,2.928093226654742
2580,2.928093226654742
2581,2.928093226654742
2582,2.928093226654742
2583,2.928093226654742
2584,2.928093226654742
2585,2.928093226654742
2586,2.928093226654742
2587,2.928093226654742
2588,2.928093226654742
2589,2.928093226654742
2590,2.928093226654742
2591,2.928093226654742
2592,2.928093226654742
2593,2.928093226654742
2594,2.928093226654742
2595,2.928093226654742
2596,2.928093226654742
2597,2.928093226654742
2598,2.928093226654742
2599,2.928093226654742
2600,2.928093226654742
2601,2.928093226654742
2602,2.928093226654742
2603,2.928093226654742
2604,2.928093226654742
2605,2.928093226654742
2606,2.928093226654742
2607,2.883517709512446
2608,2.7825503973257133
2609,2.5927799164617955
2610,2.5703480987959266
2611,2.3904803892939728
2612,2.311581237671011
2613,2.311581237671011
2614,2.311581237671011
2615,2.311581237671011
2616,2.1534007947322182
2617,2.130764996501826
2618,2.130764996501826
2619,2.4692521961915097
2620,2.8202884246779556
2621,2.8202884246779556
2622,2.8202884246779556
2623,2.8202884246779556
2624,2.8202884246779556
2625,2.8202884246779556
2626,2.8202884246779556
2627,2.8202884246779556
2628,2.8202884246779556
2629,2.8202884246779556
2630,2.8202884246779556
2631,2.8202884246779556
2632,2.8202884246779556
2633,2.8202884246779556
2634,2.7195679829056414
2635,2.7083711544455955
2636,2.7083711544455955
2637,2.8687566645280316
2638,2.8687566645280316
2639,2.8687566645280316
2640,2.9358198001779674
2641,2.969311072442199
2642,2.969311072442199
2643,2.969311072442199
2644,2.969311072442199
2645,2.902295341662438
2646,2.8687566645280316
2647,2.8687566645280316
2648,2.8687566645280316
2649,2.8687566645280316
2650,2.8687566645280316
2651,3.029058761070302
2652,2.8052826730347262
2653,2.7828532959682306
2654,2.7828532959682306
2655,2.7828532959682306
2656,2.7828532959682306
2657,2.7828532959682306
2658,2.7828532959682306
2659,2.7828532959682306
2660,2.7828532959682306
2661,2.7828532959682306
2662,2.9435222697186703
2663,3.07772054558995
2664,3.07772054558995
2665,3.07772054558995
2666,3.07772054558995
2667,3.07772054558995
2668,3.07772054558995
2669,3.07772054558995
2670,3.07772054558995
2671,3.07772054558995
2672,3.07772054558995
2673,3.07772054558995
2674,3.2226768945562174
2675,3.300552659277817
2676,3.300552659277817
2677,3.300552659277817
2678,3.400499109192387
2679,3.478089067966654
2680,3.478089067966654
2681,3.478089067966654
2682,3.478089067966654
2683,3.478089067966654
2684,3.478089067966654
2685,3.478089067966654
2686,3.478089067966654
2687,3.478089067966654
2688,3.478089067966654
2689,3.478089067966654
2690,3.478089067966654
2691,3.478089067966654
2692,3.478089067966654
2693,3.478089067966654
2694,3.478089067966654
2695,3.478089067966654
2696,3.478089067966654
2697,3.478089067966654
2698,3.3184179228349335
2699,3.329515113505498
2700,3.329515113505498
2701,3.329515113505498
2702,3.329515113505498
2703,3.329515113505498
2704,3.329515113505498
2705,3.329515113505498
2706,3.329515113505498
2707,3.329515113505498
2708,3.2962247774667506
2709,3.251797905838441
2710,3.251797905838441
2711,3.251797905838441
2712,3.251797905838441
2713,3.251797905838441
2714,3.251797905838441
2715,3.251797905838441
2716,3.251797905838441
2717,3.251797905838441
2718,3.251797905838441
2719,3.251797905838441
2720,3.274011445141801
2721,3.2962247774667506
2722,3.2962247774667506
2723,3.2962247774667506
2724,3.2962247774667506
2725,3.2962247774667506
2726,3.2962247774667506
2727,3.2962247774667506
2728,3.2962247774667506
2729,3.2962247774667506
2730,3.2962247774667506
2731,3.2962247774667506
2732,3.2962247774667506
2733,3.2962247774667506
2734,3.2962247774667506
2735,3.2962247774667506
2736,3.2962247774667506
2737,3.2962247774667506
2738,3.2962247774667506
2739,3.2962247774667506
2740,3.2962247774667506
2741,3.2962247774667506
2742,3.2962247774667506
2743,3.2962247774667506
2744,3.2962247774667506
2745,3.2962247774667506
2746,3.2962247774667506
2747,3.2962247774667506
2748,3.2962247774667506
2749,3.2962247774667506
2750,3.2962247774667506
2751,3.2962247774667506
2752,3.2962247774667506
2753,3.2962247774667506
2754,3.2962247774667506
2755,3.1956865368689904
2756,3.151693886022898
2757,3.151693886022898
2758,3.0067225063304392
2759,2.9061115473620402
2760,2.9061115473620402
2761,2.9061115473620402
2762,2.9061115473620402
2763,2.9061115473620402
2764,2.9061115473620402
2765,2.9061115473620402
2766,2.9061115473620402
2767,2.9061115473620402
2768,2.9061115473620402
2769,2.9061115473620402
2770,2.9061115473620402
2771,2.9061115473620402
2772,2.9061115473620402
2773,2.9061115473620402
2774,3.07772054558995
2775,3.07772054558995
2776,3.07772054558995
2777,3.07772054558995
2778,3.07772054558995
2779,3.07772054558995
2780,3.07772054558995
2781,3.07772054558995
2782,3.07772054558995
2783,3.07772054558995
2784,3.07772054558995
2785,3.07772054558995
2786,2.977104707736859
2787,3.0481981454455056
2788,3.0481981454455056
2789,3.0481981454455056
2790,3.0481981454455056
2791,3.0370044255363466
2792,3.01461818795268
2793,3.0034155921481673
2794,3.01461818795268
2795,3.01461818795268
2796,3.01461818795268
2797,2.902510443511493
2798,2.8238799008033433
2799,2.8238799008033433
2800,2.928774181681332
2801,2.872569313126574
2802,2.872569313126574
2803,2.872569313126574
2804,2.872569313126574
2805,2.872569313126574
2806,2.8388182911681143
2807,2.748695521787601
2808,2.748695521787601
2809,2.910086789374433
2810,2.910086789374433
2811,2.910086789374433
2812,2.910086789374433
2813,2.7183888969320487
2814,2.7183888969320487
2815,2.6731731807508403
2816,2.627386780207761
2817,2.7897530353630398
2818,2.7897530353630398
2819,2.7897530353630398
2820,2.7897530353630398
2821,2.642656773155181
2822,2.642656773155181
2823,2.702767038354818
2824,2.62336037812045
2825,2.62336037812045
2826,2.62336037812045
2827,2.62336037812045
2828,2.62336037812045
2829,2.62336037812045
2830,2.60065203220186
2831,2.6722049639424896
2832,2.6722049639424896
2833,2.6722049639424896
2834,2.6722049639424896
2835,2.6722049639424896
2836,2.834609358443687
2837,2.834609358443687
2838,2.811934410709899
2839,2.652890208286723
2840,2.6301223887258525
2841,2.6301223887258525
2842,2.6301223887258525
2843,2.80419778427006
2844,2.781475964838389
2845,2.701853914963112
2846,2.701853914963112
2847,2.701853914963112
2848,2.853285159840935
2849,2.682511644884976
2850,2.6026122310325412
2851,2.6026122310325412
2852,2.6026122310325412
2853,2.6026122310325412
2854,2.6026122310325412
2855,2.7658122219092927
2856,2.6745102293678666
2857,2.6516619337709857
2858,2.560145342407785
2859,2.6436021605198587
2860,2.620698274770301
2861,2.506041112481111
2862,2.4601010029817574
2863,2.4601010029817574
2864,2.5781329305452254
2865,2.474708091819778
2866,2.451699441321065
2867,2.451699441321065
2868,2.451699441321065
2869,2.428671871691245
2870,2.5238819295814157
2871,2.5238819295814157
2872,2.512377929379446
2873,2.619170675630129
2874,2.5500993495948934
2875,2.5500993495948934
2876,2.5500993495948934
2877,2.4001266423038046
2878,2.2844481808958697
2879,2.4493763756384626
2880,2.4493763756384626
2881,2.4378131927493847
2882,2.6142303936277718
2883,2.498714304121334
2884,2.498714304121334
2885,2.4524327203078227
2886,2.5712627386221993
2887,2.5712627386221993
2888,2.478658556329311
2889,2.432290419895303
2890,2.597630684302966
2891,2.597630684302966
2892,2.412075629283333
2893,2.3772073565574425
2894,2.4964310154464213
2895,2.310218748384496
2896,2.310218748384496
2897,2.4762430280018255
2898,2.4762430280018255
2899,2.4762430280018255
2900,2.33638710773521
2901,2.2896792858077624
2902,2.2896792858077624
2903,2.4676320570518584
2904,2.4350761124693925
2905,2.388878865549951
2906,2.5554383650306356
2907,2.5554383650306356
2908,2.5320962611855404
2909,2.309751484815788
2910,2.2980188013698033
2911,2.464987155823467
2912,2.406404053754425
2913,2.3946773458002233
2914,2.3946773458002233
2915,2.4327866225539707
2916,2.3270625714550968
2917,2.3270625714550968
2918,2.4944453431034868
2919,2.4944453431034868
2920,2.2945207443715607
2921,2.2945207443715607
2922,2.462183466069176
2923,2.4268886608846665
2924,2.379784847469599
2925,2.367998546495029
2926,2.4297989870538528
2927,2.3944272836074756
2928,2.3826282630381326
2929,2.55059534224852
2930,2.2316266224867434
2931,2.2316266224867434
2932,2.400125065198893
2933,2.400125065198893
2934,2.2935443887029874
2935,2.186740186521678
2936,2.1416624320590634
2937,2.0820858683963683
2938,2.2513416435257385
2939,2.0844548822910025
2940,2.0844548822910025
2941,2.25339649932276
2942,2.2804147562237906
2943,2.4142757960142682
2944,2.187384213426912
2945,2.139482616413228
2946,2.309586649765547
2947,2.309586649765547
2948,2.2976339547290783
2949,2.141899541943159
2950,2.2763043038971316
2951,2.2763043038971316
2952,2.3862212012813537
2953,2.3148838142106056
2954,2.158744975694354
2955,2.2814753668773333
2956,2.2814753668773333
2957,2.4162667068924155
2958,2.356211575620346
2959,2.259972835272878
2960,2.3588873875712437
2961,2.3588873875712437
2962,2.505970391646377
2963,2.313323058454189
2964,2.3012546029843546
2965,2.291749450318218
2966,2.2554728451275117
2967,2.1464727394274994
2968,2.2942914193267017
2969,2.221606369700612
2970,2.124517291294109
2971,2.136666094393574
2972,2.30895044535401
2973,2.18759753139916
2974,2.275076979327645
2975,2.275076979327645
2976,2.447585004372835
2977,2.4354582424176643
2978,2.3626525251761494
2979,2.3626525251761494
2980,2.535228694084466
2981,2.416551182726751
2982,2.416551182726751
2983,2.416551182726751
2984,2.58951623689667
2985,2.58951623689667
2986,2.689616772970467
2987,2.5681027437633017
2988,2.5681027437633017
2989,2.741248961715813
2990,2.607501457256428
2991,2.607501457256428
2992,2.74436943229418
2993,2.6348013276104494
2994,2.5127769509364657
2995,2.476110462334206
2996,2.649944829358482
2997,2.5277697770616863
2998,2.417543730449169
2999,2.5550387811789244
3000,2.4692489797232935
3001,2.4078743232339663
3002,2.508764295838245
3003,2.511490372327718
3004,2.388391429611524
3005,2.551127372366128
3006,2.551127372366128
3007,2.403268507106688
3008,2.553883924249122
3009,2.553883924249122
3010,2.504583957489892
3011,2.2324909918602667
3012,2.3712002751027765
3013,2.3712002751027765
3014,2.547030808541771
3015,2.3860780224036047
3016,2.33644468577857
3017,2.276646563843791
3018,2.251746285760683
3019,2.251746285760683
3020,2.428338391608547
3021,2.4159048104609577
3022,2.2789521635382464
3023,2.4308527483110627
3024,2.193768087127856
3025,2.193768087127856
3026,2.3585032933611716
3027,2.3585032933611716
3028,2.2460036899158893
3029,2.348396497871937
3030,2.3233774198428048
3031,2.1499116675896612
3032,2.137328785150941
3033,2.175058927153685
3034,2.3782002782459855
3035,2.3154676087229693
3036,2.214914882786081
3037,2.214914882786081
3038,2.380587718605511
3039,2.355458665093658
3040,2.370374214558918
3041,2.5236960801578823
3042,2.5362596087694844
3043,2.397922719649801
3044,2.397922719649801
3045,2.3475201797105525
3046,2.4507198744793457
3047,2.2866480203661905
3048,2.415295455030078
3049,2.4176765834038263
3050,2.40502275926862
3051,2.3417195824599375
3052,2.4453725485672506
3053,2.4453725485672506
3054,2.4067760449388347
3055,2.2826482384275404
3056,2.2189849063085276
3057,2.2337754701402828
3058,2.1954933768735385
3059,2.1699472317216912
3060,2.274145220929777
3061,2.4421672705380097
3062,2.403925568430447
3063,2.352886992467383
3064,2.352886992467383
3065,2.3656538738307993
3066,2.510718213139485
3067,2.3700951052901544
3068,2.3700951052901544
3069,2.39793575367928
3070,2.217581381710405
3071,2.2973767901202287
3072,2.2973767901202287
3073,2.2478850439497853
3074,2.4303435961030275
3075,2.4303435961030275
3076,2.59986021415465
3077,2.4712465050221626
3078,2.3164568565349963
3079,2.3164568565349963
3080,2.4993200004182974
3081,2.370233900488677
3082,2.279668253556102
3083,2.44997894400912
3084,2.346461277368473
3085,2.4003939405233083
3086,2.3874389866893297
3087,2.296612468033835
3088,2.2186200252396415
3089,2.1552880530001253
3090,2.3266074270417336
3091,2.510844289553804
3092,2.3937675439930994
3093,2.2894582186069834
3094,2.3958585784483235
3095,2.343648584957919
3096,2.2913827056766074
3097,2.2128834874063323
3098,2.413076717985576
3099,2.282072591037488
3100,2.282072591037488
3101,2.2427032632949264
3102,2.231365660389497
3103,2.16555083690138
3104,2.351561493009695
3105,2.351561493009695
3106,2.3252642475843976
3107,2.261281881987047
3108,2.261281881987047
3109,2.3554436885341143
3110,2.2234215398238373
3111,2.344161687642653
3112,2.344161687642653
3113,2.344161687642653
3114,2.344161687642653
3115,2.3989499496101216
3116,2.4670560471953102
3117,2.241809407053442
3118,2.2019528172208114
3119,2.2019528172208114
3120,2.1354466861207757
3121,2.378247501076772
3122,2.325068041432098
3123,2.151842289588428
3124,2.2868785552121067
3125,2.2868785552121067
3126,2.2485207222999284
3127,2.181647637013347
3128,2.181647637013347
3129,2.3571532939440125
3130,2.330432801775751
3131,2.1563603031674643
3132,2.292016987130069
3133,2.239989960975969
3134,2.226549471348336
3135,2.2953703145372097
3136,2.2819226506730383
3137,2.2425115375371214
3138,2.2582031403918115
3139,2.2582031403918115
3140,2.068850209424859
3141,2.2462443112362633
3142,2.2462443112362633
3143,2.3425101134880792
3144,2.1935594279547437
3145,2.3712480645828355
3146,2.249285307264443
3147,2.291543327784915
3148,2.2643797519740816
3149,2.2643797519740816
3150,2.211411341946128
3151,2.1295940246385845
3152,2.2946429860323705
3153,2.212828217837855
3154,2.144535621826953
3155,2.241550317180603
3156,2.406921374221593
3157,2.297677756382267
3158,2.297677756382267
3159,2.476870824212042
3160,2.3949347344603718
3161,2.3006632935388507
3162,2.3006632935388507
3163,2.259489607854368
3164,2.2196335428844316
3165,2.1232032052864067
3166,2.26227875418952
3167,2.179571139292916
3168,2.3601342173805406
3169,2.3601342173805406
3170,2.416792876915437
3171,2.3202577680185317
3172,2.2373543283956074
3173,2.418380256443955
3174,2.2386506239369544
3175,2.2953967369611696
3176,2.2953967369611696
3177,2.4076791818256553
3178,2.324508069527568
3179,2.2411825662281353
3180,2.3397860276697844
3181,2.10301990752474
3182,2.2436623529528035
3183,2.2018114236430173
3184,2.1749804225860734
3185,2.062937510054666
3186,2.0769607625892124
3187,2.0909785985187828
3188,2.274051392781856
3189,2.289283642996703
3190,2.261270435900053
3191,2.2192155864144114
3192,2.3606097731015683
3193,2.361962216770489
3194,2.347924906810623
3195,2.263635897562134
3196,2.2495702988031034
3197,2.1087223566191793
3198,2.2647839220763224
3199,2.195334078476943
3200,2.11048754577152
3201,2.11048754577152
3202,2.295303973998768
3203,2.338890699518474
3204,2.183129940805973
3205,2.2692484984186008
3206,2.240868418404535
3207,2.1733462191397623
3208,2.1733462191397623
3209,2.288725625547784
3210,2.2601175396350373
3211,2.4042101795883815
3212,2.3183768152991346
3213,2.462642747518834
3214,2.2763703245608338
3215,2.2485415955237222
3216,2.104432056244449
3217,2.104432056244449
3218,2.2638287111977586
3219,2.235002308088881
3220,2.3944757322226726
3221,2.2502822836650385
3222,2.4244067256698583
3223,2.2800341060740026
3224,2.266430368905229
3225,2.251937689781015
3226,2.251937689781015
3227,2.296275407621287
3228,2.2527433424648486
3229,2.4422135764057624
3230,2.4422135764057624
3231,2.093276552203619
3232,2.239719560666064
3233,2.137597199428816
3234,2.2696259530441925
3235,2.1966121790494375
3236,2.079567050155755
3237,2.2703785037850146
3238,2.2703785037850146
3239,2.4173113284288377
3240,2.241810211048077
3241,2.3158026395448745
3242,2.2718154269262163
3243,2.419241931112891
3244,2.1695274390130272
3245,2.1547954243183716
3246,2.3467299539841475
3247,2.3467299539841475
3248,2.3622423694072263
3249,2.3327934681856397
3250,2.4514435876108456
3251,2.3482799867264315
3252,2.1116516603003754
3253,2.260258765175811
3254,2.260258765175811
3255,2.2608208710616533
3256,2.2608208710616533
3257,2.2163025010192583
3258,2.3059250525530697
3259,2.291072702305737
3260,2.276774614763833
3261,2.1127829744339146
3262,2.0829014557514647
3263,2.2772912441460536
3264,2.277789980705326
3265,2.233356104897768
3266,2.233356104897768
3267,2.4134747227603723
3268,2.263734731342874
3269,2.279169194437285
3270,2.279169194437285
3271,2.3848120920818854
3272,2.2494800273386977
3273,2.325184178115203
3274,2.1894469567867314
3275,2.385959796927842
3276,2.3558132646970904
3277,2.1442347429949162
3278,2.2352876505939685
3279,2.417277007561327
3280,2.3567684603375816
3281,2.311340433559129
3282,2.2205438532823374
3283,2.2205438532823374
3284,2.113980540024031
3285,2.174981286823894
3286,2.174981286823894
3287,2.1597249151768088
3288,2.1590393214505
3289,2.1903660919621326
3290,2.006399658681614
3291,1.9445647936896016
3292,2.1904191569272844
3293,2.159620953876306
3294,2.1130422298977085
3295,1.9430623038362953
3296,2.082055471767291
3297,1.9580467390434477
3298,1.9270024502814935
3299,1.8492838714397595
3300,1.973070095271708
3301,2.1590832021195663
3302,2.081078810620293
3303,2.018773060145294
3304,1.9251501969650446
3305,1.9870339644522894
3306,2.0177616992039904
3307,2.1424912144752626
3308,1.9387504360741123
3309,2.0637477787124143
3310,1.9852040014363768
3311,1.8907972969714648
3312,2.047503559679936
3313,1.9530292334720927
3314,1.9996270864533803
3315,1.8254146066420702
3316,1.9198377635517023
3317,1.966530887556177
3318,2.1400682102832977
3319,1.9970932941340083
3320,1.8533810338482841
3321,1.7576174542973764
3322,1.9480675118808164
3323,1.9480675118808164
3324,1.9950400991003259
3325,1.883180536580452
3326,1.883180536580452
3327,1.7054431424525889
3328,1.68935623822176
3329,1.864910270538717
3330,1.768412373882754
3331,1.960220111024687
3332,1.831515146147707
3333,1.6054692891479496
3334,1.7656319901401971
3335,1.7656319901401971
3336,1.828927315531391
3337,1.828927315531391
3338,1.859981376390862
3339,1.746488839184075
3340,1.8586734887355885
3341,1.8586734887355885
3342,1.987232299543699
3343,1.8898396208570594
3344,1.8573312846232153
3345,1.9048070017628367
3346,1.7907444552408878
3347,1.9849684196387694
3348,1.936094477636883
3349,2.000099265440583
3350,1.9837909602653532
3351,1.951149898587652
3352,1.9825723963296749
3353,2.095854388706525
3354,1.9485562759513249
3355,2.0620473618707136
3356,2.0128685435767473
3357,2.0608996998049376
3358,1.962283457210341
3359,1.962283457210341
3360,2.076169517959983
3361,1.9279248653924712
3362,2.124405209909651
3363,1.992516318781375
3364,1.9911367860674736
3365,1.9249241090934344
3366,1.8236869119073746
3367,2.0214750015157814
3368,1.8718640853387518
3369,1.7217938956939616
3370,1.9034983645972152
3371,1.9034983645972152
3372,1.7512228150015587
3373,1.7512228150015587
3374,1.7176965309173755
3375,1.916818520021599
3376,1.916818520021599
3377,2.1159132351462584
3378,2.0156016881885126
3379,2.0978189034679895
3380,2.0978189034679895
3381,1.9804904892108888
3382,2.1131720381979457
3383,2.046050842865428
3384,2.0949485442953386
3385,1.977125861507815
3386,1.9434188052075732
3387,2.059747669713461
3388,2.026028433863636
3389,2.0412617722264903
3390,2.0412617722264903
3391,2.1917496389142954
3392,2.124184242462456
3393,2.0226499288890896
3394,2.2241857899589808
3395,2.1057106818630333
3396,2.1550256522673883
3397,2.087123208013645
3398,2.0191264524485386
3399,2.1194856322814033
3400,2.066677092379642
3401,2.0325361390539727
3402,2.0325361390539727
3403,2.0325361390539727
3404,2.047384939218424
3405,1.9601376685337513
3406,2.1126981314160322
3407,2.0096571489701223
3408,2.076505506837616
3409,2.0248688929698595
3410,1.9559312789454462
3411,2.1263041238451854
3412,2.109075459534145
3413,2.040112181240612
3414,2.089931648313286
3415,2.259147344906963
3416,2.207269640752685
3417,2.3785915923526644
3418,2.2228403646148767
3419,2.0492012594339237
3420,2.2384404929131683
3421,2.20369935529975
3422,2.116740130047494
3423,2.149583582787572
3424,2.149583582787572
3425,2.3393837286131878
3426,2.16505377562279
3427,2.077656073481019
3428,2.285416790078848
3429,2.285416790078848
3430,2.1455462904218314
3431,2.248637635656268
3432,2.248637635656268
3433,2.4568567261429783
3434,2.36941588927378
3435,2.4378622178166403
3436,2.3326515151491884
3437,2.3326515151491884
3438,2.312866412277705
3439,2.2252069159755186
3440,2.329053765587888
3441,2.5387556869358128
3442,2.4507077693797794
3443,2.291422481480563
3444,2.2011734650578387
3445,2.3410743927462523
3446,2.2345233407994156
3447,2.145543231255007
3448,2.3569030904376933
3449,2.410195579798954
3450,2.3569030904376933
3451,2.5327442491916474
3452,2.5149974339850023
3453,2.372764989140742
3454,2.5667059867063444
3455,2.5667059867063444
3456,2.582952063786303
3457,2.493842020248736
3458,2.5635394600884993
3459,2.492077124434025
3460,2.7048178200031954
3461,2.7048178200031954
3462,2.59766274977592
3463,2.4544276047598768
3464,2.5781301765742266
3465,2.5781301765742266
3466,2.5422743393337064
3467,2.7199541188590626
3468,2.702035241569522
3469,2.6298899061818615
3470,2.5927162619514807
3471,2.4665643657846847
3472,2.518770874606527
3473,2.500705678856188
3474,2.6975606679805484
3475,2.6072819139096737
3476,2.5530378236218336
3477,2.7321335672610982
3478,2.6959879461415315
3479,2.62361424107384
3480,2.8391157159930187
3481,2.821047802994039
3482,2.6762459125206766
3483,2.5310173071436592
3484,2.6927180568478044
3485,2.6927180568478044
3486,2.908949112411662
3487,2.800099014591094
3488,2.763762603007758
3489,2.763762603007758
3490,2.9258558012503495
3491,2.7986068730617597
3492,2.7257404402730683
3493,2.833534977098576
3494,2.8153050972136184
3495,2.8153050972136184
3496,2.9962025060600928
3497,2.959769154888654
3498,2.777194768455905
3499,2.777194768455905
3500,2.9767786115773474
3501,2.9036896092244913
3502,2.8121774788806557
3503,3.030389483853415
3504,2.975523558808648
3505,2.9389105488308345
3506,2.792178092826727
3507,2.9558846822446
3508,2.9558846822446
3509,2.919174216137812
3510,3.0830692972245757
3511,3.009645543086965
3512,2.9728928502887224
3513,2.9728928502887224
3514,3.026758493982231
3515,3.026758493982231
3516,3.026758493982231
3517,3.2095807269212933
3518,3.1912041486476035
3519,3.0623466527435528
3520,2.9516221857872638
3521,3.116482669303886
3522,3.116482669303886
3523,3.0056301133501933
3524,2.9315941655585065
3525,3.152299132541854
3526,3.152299132541854
3527,3.152299132541854
3528,3.354515539303507
3529,3.132641395630289
3530,3.132641395630289
3531,3.132641395630289
3532,3.132641395630289
3533,3.3348925879720848
3534,3.18712353933606
3535,3.316004421396803
3536,3.316004421396803
3537,3.2788967669261697
3538,3.241758759904398
3539,3.241758759904398
3540,3.4079930535047445
3541,3.3337182194050436
3542,3.3337182194050436
3543,3.2965388802586553
3544,3.370089100640397
3545,3.370089100640397
3546,3.370089100640397
3547,3.351477930361605
3548,3.3328595895828927
3549,3.499676953031715
3550,3.4252080494628983
3551,3.38792581868659
3552,3.38792581868659
3553,0.10520033880928742
3554,0.015577333597174541
3555,0.015577333597174541
3556,0.015577333597174541
3557,0.06521819356363122
3558,0.1551536881306425
3559,0.1551536881306425
3560,0.1551536881306425
3561,0.1551536881306425
3562,0.1551536881306425
3563,0.1551536881306425
3564,0.1551536881306425
3565,0.1551536881306425
3566,0.1551536881306425
3567,0.1551536881306425
3568,0.017089343354471258
3569,0.017089343354471258
3570,0.017089343354471258
3571,0.017089343354471258
3572,0.017089343354471258
3573,0.017089343354471258
3574,0.017089343354471258
3575,0.017089343354471258
3576,0.017089343354471258
3577,0.017089343354471258
3578,0.017089343354471258
3579,0.017089343354471258
3580,0.19818195937926042
3581,0.19818195937926042
3582,0.19818195937926042
3583,0.19818195937926042
3584,0.19818195937926042
3585,0.7672887679872923
3586,0.722769398445689
3587,0.722769398445689
3588,0.722769398445689
3589,0.722769398445689
3590,0.722769398445689
3591,0.8944186067401063
3592,0.8944186067401063
3593,0.8677399609858166
3594,0.7876115362636879
3595,0.7876115362636879
3596,0.5375055639483025
3597,0.5375055639483025
3598,0.5375055639483025
3599,0.7097649547018051
3600,0.7097649547018051
3601,0.7097649547018051
3602,0.7097649547018051
3603,0.7097649547018051
3604,0.7097649547018051
3605,0.7097649547018051
3606,0.7097649547018051
3607,0.7747664979740313
3608,0.7747664979740313
3609,0.6225751802592101
3610,0.5508019988084706
3611,0.5328375614530009
3612,0.5328375614530009
3613,0.7055763572711462
3614,0.7055763572711462
3615,0.7055763572711462
3616,0.4899745903209119
3617,0.4899745903209119
3618,0.4899745903209119
3619,0.4899745903209119
3620,0.663027761597021
3621,0.5370797778506795
3622,0.39275119908044087
3623,0.39275119908044087
3624,0.5662363313337215
3625,0.5662363313337215
3626,0.5662363313337215
3627,0.4850254719066076
3628,0.44889709289618573
3629,0.6225126235533248
3630,0.4960905565297059
3631,0.43275837366875747
3632,0.41464503136604297
3633,0.38746900058551903
3634,0.561439756920372
3635,0.561439756920372
3636,0.561439756920372
3637,0.561439756920372
3638,0.49809733012669355
3639,0.5091685877205244
3640,0.4638213043164487
3641,0.3184174209488813
3642,0.3184174209488813
3643,0.3184174209488813
3644,0.49300551960977224
3645,0.49300551960977224
3646,0.3474779071981768
3647,0.2654257092058094
3648,0.2654257092058094
3649,0.44036027224531804
3650,0.44036027224531804
3651,0.44036027224531804
3652,0.3765817839810356
3653,0.2122008548415565
3654,0.38749983208695593
3655,0.36009977340019667
3656,0.2778319526589764
3657,0.2595336948176453
3658,0.425827009783992
3659,0.425827009783992
3660,0.425827009783992
3661,0.2977700144101121
3662,0.27944455332812634
3663,0.28105800200894854
3664,0.2351568108607436
3665,0.2351568108607436
3666,0.2351568108607436
3667,0.41112813713675084
3668,0.41112813713675084
3669,0.31020805246585026
3670,0.2642652997768832
3671,0.44041326384650775
3672,0.3210179930148703
3673,0.2566080547552024
3674,0.2566080547552024
3675,0.1921148226548884
3676,0.3226356705572484
3677,0.2673533401353847
3678,0.24891534153276568
3679,0.41637612103861227
3680,0.41637612103861227
3681,0.23193061750476185
3682,0.23193061750476185
3683,0.34430065057006987
3684,0.2241296109766486
3685,0.2241296109766486
3686,0.18709579170846885
3687,0.33664750992004544
3688,0.13278568791988582
3689,0.11420720960055779
3690,0.11420720960055779
3691,0.11420720960055779
3692,0.2083933711555742
3693,0.14335321713013896
3694,0.14335321713013896
3695,0.2562399274961363
3696,0.20046708546900788
3697,0.15393770510233495
3698,0.023261546556121414
3699,0.10856628549618251
3700,0.10856628549618251
3701,0.09923138752974905
3702,0.06188088075370637
3703,0.1937991246308253
3704,0.1284452039164502
3705,0.03493344991347286
3706,0.20443246570295043
3707,0.20443246570295043
3708,0.026607672008001185
3709,0.057841411261201126
3710,0.05579612588124766
3711,0.08517078292420079
3712,0.08517078292420079
3713,0.09443061178100969
3714,0.09443061178100969
3715,0.09443061178100969
3716,0.2270269283661251
3717,0.08611603817120768
3718,0.08611603817120768
3719,0.055192492761996725
3720,0.016555954399454436
3721,0.42416772811918624
3722,0.43368851035251943
3723,0.2625537820812626
3724,0.08112701564827751
3725,0.08112701564827751
3726,0.08112701564827751
3727,0.09027042323363238
3728,0.0713420025272347
3729,0.10886533134358131
3730,0.07230241073964394
3731,0.05110914784565213
3732,0.19389067463192164
3733,0.012280238178463031
3734,0.012280238178463031
3735,0.15971233960972947
3736,0.064674951471137
3737,0.021005522594897633
3738,0.21194378508754946
3739,0.21194378508754946
3740,0.03932688982371665
3741,0.13488360449122772
3742,0.14433177350243317
3743,0.16253915811444988
3744,0.22016719723505782
3745,0.18126149602817526
3746,0.5383996301468426
3747,0.5577806670972577
3748,0.37384286036917674
3749,0.4319008183116556
3750,0.3737168179277466
3751,0.3737168179277466
3752,0.3737168179277466
3753,0.1993011722345687
3754,0.21864203521499304
3755,0.21864203521499304
3756,0.257337459707675
3757,0.16023613967904582
3758,0.16023613967904582
3759,0.19894637741647267
3760,0.12109337723229359
3761,0.2956555348943123
3762,0.12065030967456858
3763,0.2177021165906169
3764,0.061996640698725264
3765,0.061996640698725264
3766,0.17853138124937282
3767,0.11010243352628897
3768,0.11010243352628897
3769,0.11010243352628897
3770,0.06529692371442819
3771,0.14867616252874005
3772,0.22671351079433508
3773,0.050826401381348654
3774,0.14835718737628428
3775,0.08943133604942921
3776,0.21654471704082565
3777,0.3145454412649368
3778,0.1379931509691655
3779,0.20640009620329697
3780,0.22604656143088622
3781,0.22604656143088622
3782,0.049149432014647276
3783,0.12764440087181914
3784,0.24561806750888196
3785,0.0684170616871698
3786,0.12739560489259177
3787,0.39363645741270475
3788,0.2652613360762134
3789,0.2652613360762134
3790,0.2652613360762134
3791,0.08752190342400018
3792,0.1269701351961521
3793,0.011368794460671747
3794,0.12677694820046637
3795,0.21579127663264555
3796,0.037624091748195976
3797,0.22568532309954684
3798,0.23560475041441425
3799,0.24551919712135123
3800,0.08683444249903714
3801,0.2952729259829749
3802,0.15614789833412063
3803,0.15614789833412063
3804,0.15614789833412063
3805,0.18596094324136364
3806,0.2960603662237126
3807,0.1162162065974683
3808,0.21589284245061396
3809,0.09620341507135825
3810,0.10617714086809536
3811,0.1860155860592476
3812,0.31602139214983604
3813,0.13608071527825435
3814,0.13608071527825435
3815,0.24613236334467062
3816,0.21622725855964314
3817,0.21622725855964314
3818,0.21622725855964314
3819,0.21622725855964314
3820,0.08597917722827421
3821,0.26687662738863666
3822,0.26687662738863666
3823,0.26687662738863666
3824,0.12617784243768662
3825,0.18654735602879163
3826,0.0457418139819067
3827,0.30787415154644937
3828,0.31798581600071374
3829,0.14653353632296212
3830,0.21722894695453732
3831,0.0759869085022609
3832,0.21750749528209645
3833,0.21750749528209645
3834,0.21750749528209645
3835,0.15699608633756928
3836,0.20766124095195126
3837,0.15722343471099692
3838,0.15722343471099692
3839,0.24859443620606209
3840,0.21893456829617783
3841,0.31061551390663283
3842,0.33103191470492244
3843,0.14783667487543992
3844,0.14783667487543992
3845,0.18861151410633853
3846,0.09711091144207304
3847,0.2503071824812084
3848,0.09735798812381424
3849,0.1586775834059418
3850,0.1586775834059418
3851,0.0669310365826751
3852,0.2102787283362672
3853,0.29237726744889525
3854,0.15942823116316768
3855,0.15942823116316768
3856,0.03667368738753889
3857,0.0879618432952345
3858,0.20097535301347538
3859,0.1808752913830137
3860,0.2014728332502465
3861,0.08862540962631148
3862,0.08862540962631148
3863,0.09630660869157245
3864,0.068367241660646
3865,0.2853221955675856
3866,0.11004899808069996
3867,0.1617511544538812
3868,0.038101851790000904
3869,0.08980768023066392
3870,0.3283668101361119
3871,0.20439213513801982
3872,0.018102737205984234
3873,0.018102737205984234
3874,0.0595878475815515
3875,0.14266035696638815
3876,0.06003080208167006
3877,0.414628567178809
3878,0.26913893835029506
3879,0.08186033477237464
3880,0.08186033477237464
3881,0.030194038319321177
3882,0.08241589929989018
3883,0.08241589929989018
3884,0.04114832544532383
3885,0.3137992489422902
3886,0.19907029252765385
3887,0.19907029252765385
3888,0.19907029252765385
3889,0.01078435212551266
3890,0.06324804547381009
3891,0.009676460206144755
3892,0.0533677710651882
3893,0.1699702806915939
3894,0.1910906466151404
3895,0.10743471016420837
3896,0.1814083215628297
3897,0.1814083215628297
3898,0.1814083215628297
3899,0.008006193742374015
3900,0.02852990528293294
3901,0.07724775661999767
3902,0.07724775661999767
3903,0.017338674476220842
3904,0.12048495163566574
3905,0.05909488329496351
3906,0.04849570023722142
3907,0.07884032752879302
3908,0.00539061840861859
3909,0.12227885031100845
3910,0.015313947265554276
3911,0.13388404956558064
3912,0.16591215869847065
3913,0.1562634162192184
3914,0.22047665844787206
3915,0.03960477361781173
3916,0.03960477361781173
3917,0.10377751211642233
3918,0.008364255417275014
3919,0.22283318525914128
3920,0.3627394436932452
3921,0.17026345502849413
3922,0.17026345502849413
3923,0.04231958496217356
3924,0.246886322556169
3925,0.107912866390524
3926,0.07417009446204782
3927,0.17384265052142286
3928,0.034514267536433024
3929,0.1209756044945235
3930,0.061704302220058065
3931,0.003111368903532576
3932,0.20892583127696301
3933,0.025779321636261725
3934,0.1450911372060642
3935,0.005161224111588943
3936,0.11376277246412947
3937,0.20222392685331214
3938,0.20222392685331214
3939,0.20222392685331214
3940,0.06179238261055269
3941,0.11631335861654116
3942,0.04602729005954389
3943,0.024232224508205398
3944,0.21660552185392662
3945,0.25053278551592134
3946,0.05461897023636091
3947,0.05461897023636091
3948,0.05368063577709429
3949,0.18776320090292611
3950,0.18776320090292611
3951,0.0023213200660622884
3952,0.06876025142624449
3953,0.00740207118860373
3954,0.11370765984168275
3955,0.1815024589116593
3956,0.004810759669503747
3957,0.004810759669503747
3958,0.004810759669503747
3959,0.07399053311385172
3960,0.11830157885836846
3961,0.12937854424999679
3962,0.057429327587291135
3963,0.18654165796556468
3964,0.0881610317796454
3965,0.0881610317796454
3966,0.08808016490626021
3967,0.03257021237832052
3968,0.002245470473811825
3969,0.1025564600557882
3970,0.3149957110885374
3971,0.33740660288178076
3972,0.14950555149182793
3973,0.09477011203646629
3974,0.09477011203646629
3975,0.05167481753117039
3976,0.05167481753117039
3977,0.09651702531129855
3978,0.02515099936810514
3979,0.008483020621094607
3980,0.0005780084447482972
3981,0.05686073227322238
3982,0.07660685106698557
3983,0.07660685106698557
3984,0.03608334422883292
3985,0.00013440329873532086
3986,0.1348109491572842
3987,0.001760244935798141
3988,0.03595943293612882
3989,0.08757469413925778
3990,0.005798621684931073
3991,0.1201530776132783
3992,0.1201530776132783
3993,0.007644094789559859
3994,0.053496503139559955
3995,0.13935768928733985
3996,0.13935768928733985
3997,0.059166739165381566
3998,0.09167093254347039
3999,0.2499599494322725
4000,0.1754356847172367
4001,0.018632080032245122
4002,0.018632080032245122
4003,0.09735011784302154
4004,0.08580637561556284
4005,0.029753647097882994
4006,0.0143469279660136
4007,0.008814716135341865
4008,0.11645893474709766
4009,0.035347007625238916
4010,0.033165622515287395
4011,0.024964877957311147
4012,0.24645954622657812
4013,0.15566492179029082
4014,0.15566492179029082
4015,0.040321879492798314
4016,0.3107047307750874
4017,0.5140466490534703
4018,0.5731318881476886
4019,0.37562278277762695
4020,0.37562278277762695
4021,0.21068748572630902
4022,0.15046932017127793
4023,0.11536282437505055
4024,0.02161609829789048
4025,0.21856111142068904
4026,0.1951499960479103
4027,0.20474196834250113
4028,0.1225673077394424
4029,0.06378468855754382
4030,0.20259158650033354
4031,0.03299838109746821
4032,0.15328070184740958
4033,0.07071519282177535
4034,0.020902455663029576
4035,0.002777302877691079
4036,0.002777302877691079
4037,0.11309715461382018
4038,0.21726956884618892
4039,0.21726956884618892
4040,0.21726956884618892
4041,0.2505239846438632
4042,0.05854840280516024
4043,0.010198129018240956
4044,0.010198129018240956
4045,0.013665053272602564
4046,0.028449272178687514
4047,0.1842068342716857
4048,0.004594167989897616
4049,0.1933626040479593
4050,0.1933626040479593
4051,0.013722623951636011
4052,0.13361963904397473
4053,0.3026826767621472
4054,0.26988331144411326
4055,0.21276602160900404
4056,0.21276602160900404
4057,0.010181976070065674
4058,0.010181976070065674
4059,0.10775933652576535
4060,0.18322182946202015
4061,0.23188520716362843
4062,0.15014999417494243
4063,0.15014999417494243
4064,0.04120398468323799
4065,0.043929432408922324
4066,0.09894009176395317
4067,0.03809413900702908
4068,0.026093629136177902
4069,0.026093629136177902
4070,0.07497748825685191
4071,0.2341728711416518
4072,0.0906453991586381
4073,0.11416885174693107
4074,0.11416885174693107
4075,0.22118925823256277
4076,0.037477204897904494
4077,0.06078058901917225
4078,0.08331364069363269
4079,0.027344763001608
4080,0.11696021643950334
4081,0.00615196492830324
4082,0.1752971599826693
4083,0.08382629185235574
4084,0.19529696286477963
4085,0.000813663217440755
4086,0.11230738368020758
4087,0.020418494890013524
4088,0.12852066632523768
4089,0.06652049698205834
4090,0.016869037358437988
4091,0.1002898887375621
4092,0.09024627632901612
4093,0.09024627632901612
4094,0.06833855720897589
4095,0.15678908496181712
4096,0.18187216759694066
4097,0.035436846999709
4098,0.09811727816257246
4099,0.3496579861960212
4100,0.2658173780665456
4101,0.3541795487383821
4102,0.18182461374735498
4103,0.09768736351995419
4104,0.16082833552272902
4105,0.22404015968647173
4106,0.02601155609084149
4107,0.07654376735952223
4108,0.14405657552783085
4109,0.28374521468100566
4110,0.2964673241144416
4111,0.09758229233946712
4112,0.07592394159102625
4113,0.0001957030991188533
4114,0.12730794187296363
4115,0.05522403930282956
4116,0.13168707813843425
4117,0.01700746356153162
4118,0.11486716802951663
4119,0.025492626961240796
4120,0.09808573338253011
4121,0.09808573338253011
4122,0.05541656783054538
4123,0.0811919252087412
4124,0.1755102163764014
4125,0.1755102163764014
4126,1.825041984802389e-05
4127,0.14985686369144327
4128,0.14985686369144327
4129,0.3511101111627201
4130,0.23568155219436315
4131,0.029827906482205364
4132,0.14155006919781052
4133,0.026307423104796317
4134,0.1502291488313171
4135,0.020924861003792945
4136,0.19769959167981888
4137,0.05529002601820798
4138,0.009568952568108191
4139,0.048527360321538156
4140,0.024799176836802266
4141,0.011795900729822647
4142,0.005891086891493083
4143,0.14586199482809153
4144,0.10678784565533955
4145,0.054636602860604684
4146,0.023697013744841622
4147,0.08917391485553514
4148,0.08454729203264537
4149,0.08454729203264537
4150,0.007166339046947742
4151,0.09297261940499087
4152,0.09096851345028394
4153,0.07510536566393593
4154,0.07510536566393593
4155,0.07510536566393593
4156,0.21500580912196224
4157,0.022013182582660336
4158,0.05222210920642056
4159,0.012589150027270186
4160,0.21902965322226817
4161,0.06049640890799158
4162,0.1085288965323691
4163,0.1085288965323691
4164,0.1085288965323691
4165,0.20967543704583433
4166,0.03715892557833306
4167,0.2314560912559122
4168,0.05865686226694074
4169,0.06131673968574218
4170,0.14683516653144427
4171,0.14683516653144427
4172,0.2218585043281676
4173,0.07504610399322528
4174,0.005221594793031325
4175,0.20360344426906724
4176,0.1233839335406432
4177,0.2253888458417762
4178,0.2253888458417762
4179,0.15844036476050338
4180,0.07266687339855644
4181,0.008101547598685942
4182,0.20192020266304095
4183,0.17501869592314812
4184,0.12872530976283456
4185,0.03481794673330808
4186,0.24555404761330524
4187,0.015707794796019494
4188,0.21335380833307932
4189,0.186297082042976
4190,0.10502930642708039
4191,0.3164253104084773
4192,0.2893577078263434
4193,0.08031362278792759
4194,0.05607551787896066
4195,0.1564746932579046
4196,0.14284145175458665
4197,0.3281703779465391
4198,0.3281703779465391
4199,0.21916359977046362
4200,0.39109438645103195
4201,0.39109438645103195
4202,0.20001126487460627
4203,0.35863693456653456
4204,0.13958063841903295
4205,0.27114764247649276
4206,0.27114764247649276
4207,0.27114764247649276
4208,0.34802954026712973
4209,0.23812663385941027
4210,0.45253068146392605
4211,0.45253068146392605
4212,0.301345797127215
4213,0.4197876925712202
4214,0.4197876925712202
4215,0.3233619799540723
4216,0.45580252950570044
4217,0.20711474604109403
4218,0.42284367858998845
4219,0.3951893475791898
4220,0.3121535083894046
4221,0.5004225024065985
4222,0.4589196115785251
4223,0.5228045629226136
4224,0.4257401096925656
4225,0.5452218877755576
4226,0.5531369324237604
4227,0.7242226066404162
4228,0.5848504594349998
4229,0.6772513577792086
4230,0.6632850120204776
4231,0.6632850120204776
4232,0.7698458408509045
4233,0.713948005549893
4234,0.47567548284437844
4235,0.6526167330942065
4236,0.6526167330942065
4237,0.8716728725688053
4238,0.8716728725688053
4239,0.7876092489505588
4240,0.7824209563381948
4241,0.7121008146601783
4242,0.7121008146601783
4243,0.6698580462134921
4244,0.7207906245972613
4245,0.706681634905591
4246,0.6643404786537482
4247,0.7718458426378347
4248,0.7718458426378347
4249,0.6729003855459192
4250,0.8089018742176792
4251,0.8089018742176792
4252,1.02981950944861
4253,1.02981950944861
4254,0.8460482455479104
4255,0.7326131755027366
4256,0.9258180190777674
4257,0.769682508709908
4258,0.7412359151366438
4259,0.9632019468744731
4260,0.9632019468744731
4261,0.9206068944759629
4262,0.8353067759949139
4263,1.0006831230781896
4264,1.0667200826162233
4265,1.0524883742893805
4266,1.0240226379485917
4267,0.952771617688211
4268,0.8242743713280737
4269,1.0331387815942852
4270,1.0188638639112673
4271,1.1422315902770115
4272,1.056544385663315
4273,0.9993336720462572
4274,0.9707099414303023
4275,1.1086259793283864
4276,1.0800007352972996
4277,1.2324312766910668
4278,1.2174514746782727
4279,1.0604444283235388
4280,1.0317133231131708
4281,1.2275424929311767
4282,1.1557767388956297
4283,1.14140906050887
4284,1.2225688346815053
4285,1.1650299364854857
4286,1.246342747848403
4287,1.1598587053021203
4288,1.1598587053021203
4289,1.3710577979936407
4290,1.3278451560496405
4291,1.2557331434380496
4292,1.2795736729828389
4293,1.192751215463832
4294,1.192751215463832
4295,1.4192103600328736
4296,1.332435839948798
4297,1.2744968930881149
4298,1.5012369167511543
4299,1.5012369167511543
4300,1.4867723063577607
4301,1.4578288897652396
4302,1.4143956230030892
4303,1.4820578996281746
4304,1.4530565263294835
4305,1.4530565263294835
4306,1.665855160273507
4307,1.4045598164036797
4308,1.4045598164036797
4309,1.6179016954148775
4310,1.6179016954148775
4311,1.6179016954148775
4312,1.845750271548164
4313,1.845750271548164
4314,1.845750271548164
4315,1.845750271548164
4316,1.6715348285412392
4317,1.539783672804368
4318,1.7544246090666955
4319,1.725304672063286
4320,1.6816025874376528
4321,1.910260125784048
4322,1.8666208835107931
4323,1.7500527049033032
4324,1.7500527049033032
4325,1.7500527049033032
4326,1.9790354021316556
4327,1.9644763622423764
4328,1.9353569574494294
4329,1.9353569574494294
4330,1.9353569574494294
4331,1.8916381109207685
4332,2.0334170964949627
4333,2.0334170964949627
4334,1.9896732658724319
4335,1.9604992184818197
4336,1.9167019160715444
4337,2.000324823647184
4338,2.000324823647184
4339,2.000324823647184
4340,2.000324823647184
4341,2.000324823647184
4342,2.000324823647184
4343,2.2155899165290234
4344,2.2155899165290234
4345,2.200998842618148
4346,2.1279985642833568
4347,2.1279985642833568
4348,1.981650062270421
4349,0.5379136347160729
4350,0.7088016113424139
4351,0.7088016113424139
4352,0.7088016113424139
4353,0.7088016113424139
4354,0.7088016113424139
4355,0.7088016113424139
4356,0.7088016113424139
4357,0.7088016113424139
4358,0.7088016113424139
4359,0.7088016113424139
4360,0.7088016113424139
4361,0.7088016113424139
4362,0.7088016113424139
4363,0.7088016113424139
4364,0.8872746317473673
4365,0.6558319306145348
4366,0.49965622921328834
4367,0.6774480215480391
4368,0.6774480215480391
4369,0.6774480215480391
4370,0.6774480215480391
4371,0.6774480215480391
4372,0.6774480215480391
4373,0.6774480215480391
4374,0.6774480215480391
4375,0.6774480215480391
4376,0.6774480215480391
4377,0.6774480215480391
4378,0.6476978124618296
4379,0.3880817935856089
4380,0.3880817935856089
4381,0.3880817935856089
4382,0.3880817935856089
4383,0.3880817935856089
4384,0.5654222616922483
4385,0.5654222616922483
4386,0.5654222616922483
4387,0.5654222616922483
4388,0.5654222616922483
4389,0.5580017998968989
4390,0.5505942913481867
4391,0.5505942913481867
4392,0.5505942913481867
4393,0.5505942913481867
4394,0.5505942913481867
4395,0.5505942913481867
4396,0.5505942913481867
4397,0.5505942913481867
4398,0.5505942913481867
4399,0.5505942913481867
4400,0.5505942913481867
4401,0.5505942913481867
4402,0.5505942913481867
4403,0.5505942913481867
4404,0.5505942913481867
4405,0.5505942913481867
4406,0.5505942913481867
4407,0.5505942913481867
4408,0.5505942913481867
4409,0.6247563770209053
4410,0.7808719387200509
4411,0.7808719387200509
4412,0.7808719387200509
4413,0.7808719387200509
4414,0.7808719387200509
4415,0.7808719387200509
4416,0.7808719387200509
4417,0.7808719387200509
4418,0.7808719387200509
4419,0.7808719387200509
4420,0.7808719387200509
4421,0.7808719387200509
4422,0.7808719387200509
4423,0.7808719387200509
4424,0.7808719387200509
4425,0.7808719387200509
4426,0.7808719387200509
4427,0.8106578534689166
4428,0.885215393586778
4429,0.885215393586778
4430,0.885215393586778
4431,0.885215393586778
4432,0.885215393586778
4433,0.885215393586778
4434,0.885215393586778
4435,0.885215393586778
4436,0.885215393586778
4437,0.885215393586778
4438,0.9897743887064674
4439,1.0421408163596984
4440,1.0421408163596984
4441,0.8638187097840623
4442,0.8638187097840623
4443,0.8638187097840623
4444,0.8638187097840623
4445,0.8638187097840623
4446,0.8638187097840623
4447,0.8638187097840623
4448,0.8638187097840623
4449,0.8638187097840623
4450,0.8638187097840623
4451,0.8638187097840623
4452,1.0958773479917452
4453,1.1784781508980335
4454,1.1784781508980335
4455,1.1784781508980335
4456,1.1784781508980335
4457,1.1784781508980335
4458,0.9996530338041858
4459,0.9996530338041858
4460,0.9996530338041858
4461,0.9996530338041858
4462,0.9996530338041858
4463,0.9996530338041858
4464,0.9996530338041858
4465,0.9996530338041858
4466,1.0746998925481401
4467,1.1273090859710253
4468,1.179973073889123
4469,1.2854552167792719
4470,1.2854552167792719
4471,1.106148170938313
4472,1.106148170938313
4473,1.106148170938313
4474,1.106148170938313
4475,1.106148170938313
4476,1.106148170938313
4477,1.106148170938313
4478,1.106148170938313
4479,1.106148170938313
4480,1.106148170938313
4481,1.106148170938313
4482,0.9570376515659961
4483,1.0623658061271737
4484,1.0623658061271737
4485,1.0623658061271737
4486,1.2132141471965514
4487,1.2132141471965514
4488,1.3948341655995238
4489,1.3948341655995238
4490,1.3948341655995238
4491,1.2223959303762248
4492,1.2223959303762248
4493,1.2223959303762248
4494,1.2223959303762248
4495,1.2223959303762248
4496,1.2223959303762248
4497,1.245099262380081
4498,1.4498983528837972
4499,1.2771138226822376
4500,1.2771138226822376
4501,1.284696330192785
4502,1.284696330192785
4503,1.1574569363455602
4504,1.1877882542607858
4505,1.1877882542607858
4506,1.1877882542607858
4507,1.1877882542607858
4508,1.2105433711751086
4509,1.4691573830588645
4510,1.5454660622235035
4511,1.5454660622235035
4512,1.3644119132584023
4513,1.3644119132584023
4514,1.3644119132584023
4515,1.3644119132584023
4516,1.3644119132584023
4517,1.1910981457131649
4518,1.1910981457131649
4519,1.1910981457131649
4520,1.1910981457131649
4521,1.3205749195585468
4522,1.3663507607987342
4523,1.1927981800408505
4524,1.2690423394605037
4525,1.3989120959433217
4526,1.3989120959433217
4527,1.3989120959433217
4528,1.3989120959433217
4529,1.2174123715846377
4530,1.2250538704035907
4531,1.4852891325262607
4532,1.4852891325262607
4533,1.3033797703385919
4534,1.3033797703385919
4535,1.3033797703385919
4536,1.4567628626049285
4537,1.5336229489076485
4538,1.3590283481634013
4539,1.3590283481634013
4540,1.3590283481634013
4541,1.17688533623625
4542,1.17688533623625
4543,1.2305384422827288
4544,1.5073977635235074
4545,1.584576725721627
4546,1.584576725721627
4547,1.4016990000701475
4548,1.4016990000701475
4549,1.4016990000701475
4550,1.4016990000701475
4551,1.509723486412444
4552,1.4579356092793792
4553,1.4579356092793792
4554,1.4579356092793792
4555,1.4656711107615696
4556,1.2902496092300377
4557,1.3906249328042313
4558,1.4370150273069469
4559,1.4370150273069469
4560,1.4370150273069469
4561,1.2614132500456767
4562,1.2614132500456767
4563,1.28457912376074
4564,1.3618825328819717
4565,1.3618825328819717
4566,1.2325381038879974
4567,1.433853330580246
4568,1.433853330580246
4569,1.433853330580246
4570,1.433853330580246
4571,1.433853330580246
4572,1.257782844346772
4573,1.257782844346772
4574,1.257782844346772
4575,1.257782844346772
4576,1.257782844346772
4577,1.0740853408064004
4578,1.0740853408064004
4579,1.0740853408064004
4580,1.0740853408064004
4581,1.0740853408064004
4582,1.0740853408064004
4583,1.0740853408064004
4584,0.8982390670466199
4585,1.2231666798478682
4586,1.3241684335605413
4587,1.0932714194053723
4588,1.0700181062952836
4589,1.0700181062952836
4590,1.0700181062952836
4591,1.0700181062952836
4592,1.0700181062952836
4593,1.0700181062952836
4594,1.0700181062952836
4595,0.8936933434053848
4596,0.8936933434053848
4597,0.8936933434053848
4598,0.8936933434053848
4599,0.8936933434053848
4600,0.8936933434053848
4601,0.8936933434053848
4602,0.7097478969477315
4603,0.7097478969477315
4604,0.7097478969477315
4605,0.7097478969477315
4606,0.7097478969477315
4607,0.7097478969477315
4608,0.7097478969477315
4609,0.7097478969477315
4610,0.7097478969477315
4611,0.7097478969477315
4612,0.5336400733596732
4613,0.5336400733596732
4614,0.5336400733596732
4615,0.5336400733596732
4616,0.5336400733596732
4617,0.6570343959222871
4618,0.7575175269871379
4619,0.7575175269871379
4620,0.7575175269871379
4621,0.7575175269871379
4622,0.581078552910767
4623,0.581078552910767
4624,0.581078552910767
4625,0.581078552910767
4626,0.581078552910767
4627,0.581078552910767
4628,0.581078552910767
4629,0.581078552910767
4630,0.581078552910767
4631,0.55792074067241
4632,0.55792074067241
4633,0.55792074067241
4634,0.55792074067241
4635,0.55792074067241
4636,0.3739152141730441
4637,0.3739152141730441
4638,0.3739152141730441
4639,0.3739152141730441
4640,0.3739152141730441
4641,0.3739152141730441
4642,0.3739152141730441
4643,0.3739152141730441
4644,0.3739152141730441
4645,0.3739152141730441
4646,0.3739152141730441
4647,0.3739152141730441
4648,0.3739152141730441
4649,0.5513602406060092
4650,0.5984845585167623
4651,0.4211405118587629
4652,0.4211405118587629
4653,0.4211405118587629
4654,0.4211405118587629
4655,0.4211405118587629
4656,0.4211405118587629
4657,0.4211405118587629
4658,0.4211405118587629
4659,0.4211405118587629
4660,0.4211405118587629
4661,0.4211405118587629
4662,0.4211405118587629
4663,0.4211405118587629
4664,0.4211405118587629
4665,0.4211405118587629
4666,0.4211405118587629
4667,0.47521884096502515
4668,0.6455428415086741
4669,0.6455428415086741
4670,0.6455428415086741
4671,0.468589738406041
4672,0.468589738406041
4673,0.468589738406041
4674,0.468589738406041
4675,0.6391529868193536
4676,0.685768035907335
4677,0.685768035907335
4678,0.685768035907335
4679,0.685768035907335
4680,0.508480478282901
4681,0.508480478282901
4682,0.508480478282901
4683,0.508480478282901
4684,0.508480478282901
4685,0.508480478282901
4686,0.609435478756248
4687,0.733953174081842
4688,0.733953174081842
4689,0.733953174081842
4690,0.733953174081842
4691,0.5563297615482979
4692,0.5563297615482979
4693,0.5563297615482979
4694,0.6030117364757526
4695,0.6497479825469954
4696,0.6497479825469954
4697,0.8449115469756132
4698,0.8996867836217343
4699,0.9075136545758781
4700,0.7292874811105594
4701,0.7292874811105594
4702,0.7292874811105594
4703,0.7292874811105594
4704,0.7292874811105594
4705,0.7292874811105594
4706,0.7292874811105594
4707,0.7465578234777804
4708,0.7465578234777804
4709,0.7465578234777804
4710,0.7465578234777804
4711,0.7465578234777804
4712,0.7465578234777804
4713,0.9191243437919123
4714,0.966287799684071
4715,0.7874520677644699
4716,0.7874520677644699
4717,0.7874520677644699
4718,0.7874520677644699
4719,0.7874520677644699
4720,0.6087173294065786
4721,0.6087173294065786
4722,0.7813426472084902
4723,0.899376502778004
4724,0.899376502778004
4725,0.899376502778004
4726,1.073007877609939
4727,1.1283765545061126
4728,0.9487123756907077
4729,0.9487123756907077
4730,0.9487123756907077
4731,0.9487123756907077
4732,0.9487123756907077
4733,0.7691501433114747
4734,0.7691501433114747
4735,0.7691501433114747
4736,0.7691501433114747
4737,0.7691501433114747
4738,0.8954241168886091
4739,0.8578767917730425
4740,0.8578767917730425
4741,0.8578767917730425
4742,0.8578767917730425
4743,0.8578767917730425
4744,0.7016808762852945
4745,0.828177427702372
4746,0.8519370571598194
4747,0.8519370571598194
4748,0.9708708193194493
4749,0.9946906061042828
4750,0.8142744286222581
4751,0.8380572731423828
4752,0.9571495495686595
4753,0.9571495495686595
4754,0.9889553848630349
4755,0.8321204780194777
4756,0.9275099706840616
4757,1.0948715968187341
4758,1.0948715968187341
4759,1.0948715968187341
4760,0.9137403699406459
4761,1.249451808577438
4762,1.06775754395996
4763,1.06775754395996
4764,1.06775754395996
4765,0.8941586500798966
4766,0.8941586500798966
4767,1.1103121581994688
4768,1.246880970448805
4769,1.246880970448805
4770,1.0726982882382596
4771,1.0726982882382596
4772,1.0726982882382596
4773,1.0726982882382596
4774,0.8905818848075474
4775,1.051099114863936
4776,1.2044378072002662
4777,1.0459351555805962
4778,1.201532170997978
4779,1.225800314979868
4780,1.225800314979868
4781,1.0425954046359307
4782,1.0425954046359307
4783,1.0425954046359307
4784,1.1395844938416053
4785,1.2367664431986085
4786,1.0532687522188229
4787,1.088328704317257
4788,1.1532345518518898
4789,1.2507432447143874
4790,1.2507432447143874
4791,1.0666898447894428
4792,1.0910463643555146
4793,1.2374372566033873
4794,1.2781791123389392
4795,1.1019491661035041
4796,1.1019491661035041
4797,0.9176751924353789
4798,1.1047580331485793
4799,1.3416337899044835
4800,1.1565963835704434
4801,1.1565963835704434
4802,1.1565963835704434
4803,1.1565963835704434
4804,1.1565963835704434
4805,1.118652013859385
4806,1.331707535211058
4807,1.1461565108257148
4808,1.1461565108257148
4809,1.1461565108257148
4810,1.1461565108257148
4811,1.1953456638176378
4812,1.0589585622431614
4813,1.1573725342790542
4814,1.255984949985436
4815,1.0864768430462486
4816,1.0864768430462486
4817,1.2674454105406892
4818,1.1799916049927648
4819,1.1799916049927648
4820,1.1799916049927648
4821,1.0430468456735171
4822,1.20791839858202
4823,1.20791839858202
4824,1.20791839858202
4825,1.2359698182921321
4826,1.3519512821754036
4827,1.3685393896380702
4828,1.1895770883188785
4829,1.1895770883188785
4830,1.2558607341651935
4831,1.3056383683033979
4832,1.143104996785814
4833,1.350688747416829
4834,1.1961443696119143
4835,1.1961443696119143
4836,1.1961443696119143
4837,1.0084403403952897
4838,1.0582146001632717
4839,1.174535823487999
4840,1.174535823487999
4841,1.03642122536693
4842,1.1695357097554684
4843,1.311362438079188
4844,1.289870107277892
4845,1.289870107277892
4846,1.289870107277892
4847,1.101140525390631
4848,1.2599689599570636
4849,1.3773223874600855
4850,1.1964987369597662
4851,1.2048769125836667
4852,1.2635512665776112
4853,1.2719346772440534
4854,1.0910595603486004
4855,1.0659508443288952
4856,1.1199775286403073
4857,1.2119579904861468
4858,1.022278614562382
4859,1.20714803839048
4860,1.299836292420408
4861,1.1012715000053923
4862,1.1012715000053923
4863,1.1012715000053923
4864,1.1686347374714054
4865,1.1722247652063498
4866,1.1806673197171043
4867,1.1806673197171043
4868,1.0660756349938052
4869,1.0913957380368373
4870,1.1843202367809136
4871,1.1964850324297946
4872,1.204953375120362
4873,1.204953375120362
4874,1.0646300587465605
4875,0.9750194319246555
4876,1.0936341552043003
4877,1.110598474109225
4878,1.110598474109225
4879,0.9530253099631262
4880,1.1057667183524487
4881,1.2674967911740493
4882,1.083931884850827
4883,1.083931884850827
4884,1.083931884850827
4885,0.9429349173009138
4886,1.1387883934556804
4887,1.0060518987559917
4888,1.0657531875587631
4889,1.1036927339626557
4890,1.1293605443211763
4891,1.155049097600774
4892,1.056131141697645
4893,1.056131141697645
4894,1.1246629085457174
4895,1.2534084573569981
4896,1.068502642239757
4897,1.1371581590795345
4898,1.1325147918309821
4899,1.1325147918309821
4900,1.1325147918309821
4901,1.0332132085210872
4902,1.205489953084029
4903,1.205489953084029
4904,1.0198442450900502
4905,1.3048163997040156
4906,1.1965229982522307
4907,1.1965229982522307
4908,1.1965229982522307
4909,1.1965229982522307
4910,1.1660689137805598
4911,1.083527365792694
4912,1.083527365792694
4913,1.100865752288172
4914,1.000883374991706
4915,1.000883374991706
4916,1.0442339944887025
4917,1.2179961883400248
4918,1.0743669118724641
4919,1.0743669118724641
4920,0.8872802478467476
4921,1.0872145707720897
4922,0.8998258801069134
4923,0.8998258801069134
4924,1.0129563863849171
4925,0.929864307098303
4926,1.0869264311529516
4927,1.0037350907883447
4928,1.0037350907883447
4929,1.0037350907883447
4930,0.9466568521794382
4931,1.2096783925532988
4932,1.2096783925532988
4933,1.020884058047593
4934,1.020884058047593
4935,0.8584704357982019
4936,1.0691207738457986
4937,1.0955203315256319
4938,0.9063801814028379
4939,0.9063801814028379
4940,0.9063801814028379
4941,0.7173531830523634
4942,1.1751558042951071
4943,0.9852868416111287
4944,1.0869957188655912
4945,1.1093396803615712
4946,1.1093396803615712
4947,1.0962157605497986
4948,1.14068439620943
4949,1.14068439620943
4950,0.9497110494060108
4951,0.9497110494060108
4952,0.9497110494060108
4953,0.9274873783064694
4954,1.0610373421445403
4955,1.0610373421445403
4956,0.9319410796957849
4957,0.99433277874525
4958,0.9186040187223604
4959,1.0172424966287361
4960,0.9767610007395275
4961,0.9946612235097534
4962,1.245867612008118
4963,1.1250347097961815
4964,1.1250347097961815
4965,0.9951281775605025
4966,1.1210115193494146
4967,1.1210115193494146
4968,1.0359000969005525
4969,1.2886243285048273
4970,1.3338896348553853
4971,1.1401109283447624
4972,1.1401109283447624
4973,1.1401109283447624
4974,0.9734948938293044
4975,1.014531292629194
4976,1.0597873589581042
4977,1.0597873589581042
4978,0.8656777558841774
4979,0.8837488075313078
4980,1.1193130447323207
4981,1.015463462908794
4982,1.015463462908794
4983,0.8933555778835935
4984,1.0205273514277409
4985,1.0569222190399024
4986,1.0165279616941156
4987,1.0165279616941156
4988,0.9304876435660822
4989,1.0947515588902939
4990,1.0947515588902939
4991,0.9446505057621515
4992,1.00859734318661
4993,1.1275682072974185
4994,1.0229694489571541
4995,1.032131869609955
4996,0.8542036261730165
4997,0.8816460321102676
4998,1.0282666831976002
4999,0.8317334546056588
5000,1.208592298488054
5001,1.0113712969615611
5002,1.0389967876378807
5003,1.1219704558205692
5004,1.1090949342705123
5005,1.0222183998223038
5006,1.0129764332079152
5007,0.842897706888967
5008,0.9259843865160523
5009,1.064772416460919
5010,0.8943338919964156
5011,1.033283140530793
5012,1.0110266047910104
5013,1.2904513337240826
5014,1.100471531520357
5015,1.1377720299185516
5016,1.2465786496251545
5017,1.2465786496251545
5018,1.0560750973945647
5019,1.0747765480858325
5020,1.0806409499250356
5021,1.0993850941448673
5022,1.268353430485181
5023,1.3312000691956296
5024,1.359500350607744
5025,1.359500350607744
5026,1.1584390106865075
5027,0.9668697120906276
5028,0.9668697120906276
5029,1.1646030057535064
5030,0.9727270306484839
5031,1.0104043642957352
5032,1.1519359305509684
5033,0.959764976717769
5034,1.0636048590807727
5035,0.9656945647144092
5036,1.2024586900723915
5037,1.3069880014185542
5038,1.1138844101266074
5039,1.1138844101266074
5040,0.9777267798728052
5041,1.0120635472775636
5042,1.2036512034609366
5043,1.008844471718946
5044,1.008844471718946
5045,1.1239134371965922
5046,1.284674265940876
5047,1.127597786055995
5048,1.1468701445133158
5049,1.156512453076698
5050,1.044489805794881
5051,1.1604913558395193
5052,1.1604913558395193
5053,0.9641603425728161
5054,0.9641603425728161
5055,0.9641603425728161
5056,0.9900850448237165
5057,1.1035540882961097
5058,1.1230028385113207
5059,1.1230028385113207
5060,0.9646119192736619
5061,1.0618221943121096
5062,1.0618221943121096
5063,1.0589869759770139
5064,1.0464022465242462
5065,1.2812781249393679
5066,1.1023254477050883
5067,1.2297912499915766
5068,1.031016922658288
5069,1.1487259044424576
5070,1.1683673009562203
5071,0.9694028323872472
5072,1.008634276781546
5073,1.1658575211878492
5074,1.1239525931428387
5075,0.9735808567859405
5076,1.2301113824459773
5077,1.1387045738041885
5078,1.1387045738041885
5079,1.1387045738041885
5080,0.9384423658683181
5081,0.9384423658683181
5082,0.7481220899318451
5083,1.1437966223183553
5084,1.283016271542108
5085,1.0817847217626047
5086,1.0817847217626047
5087,0.8806226503033029
5088,1.0494904190252474
5089,0.9972199194419196
5090,1.114554414055227
5091,1.114554414055227
5092,1.114554414055227
5093,1.2326613130166797
5094,1.2326613130166797
5095,1.0398391288889162
5096,1.0398391288889162
5097,1.0699254790244772
5098,1.1179107837632007
5099,1.2690154789883472
5100,1.0654009166231346
5101,1.21663706492089
5102,1.3278318280025072
5103,1.1237378813397298
5104,0.9298072284474762
5105,0.9298072284474762
5106,0.9072177995916789
5107,1.1500487404216557
5108,1.2312540077259355
5109,1.0263097345584493
5110,1.0973274087824456
5111,1.3007599713461486
5112,1.1258385780995277
5113,1.1563850161949432
5114,1.083156203686479
5115,1.1035399488260937
5116,0.8978051355253783
5117,0.8978051355253783
5118,1.0918860704123838
5119,1.2021419821460981
5120,1.253428196883147
5121,0.9422596760418267
5122,1.0858027521516866
5123,1.0858027521516866
5124,1.1766712557141983
5125,0.9895496917815794
5126,0.8949618017702979
5127,0.9670369877104308
5128,1.070179319254777
5129,0.8722952537915456
5130,1.0167660513694061
5131,1.203124746554885
5132,0.9942874518211424
5133,1.1186422394410416
5134,1.1899235821296468
5135,1.2211636416132254
5136,1.0219446073409502
5137,0.957833321876595
5138,1.020292260794618
5139,0.9769508880823282
5140,1.1859532236859391
5141,0.9857556682080868
5142,0.9857556682080868
5143,0.77516480930271
5144,0.8690991588664064
5145,0.9511312501622387
5146,0.9825954889817086
5147,0.9825954889817086
5148,0.7817355874625832
5149,0.9075455426600432
5150,0.706477134278494
5151,0.706477134278494
5152,0.7379141131590928
5153,0.641557089532796
5154,0.7675196380653633
5155,0.8621920840688585
5156,0.723587217480767
5157,0.7656923917735358
5158,0.9455260673358525
5159,0.8589581836227578
5160,0.7938947123060863
5161,0.8891898898649973
5162,0.675789651184048
5163,0.7710521711102951
5164,0.599834236031306
5165,0.7587953266778015
5166,0.9182585068556922
5167,0.7465302416248372
5168,0.7677972985386022
5169,0.9276119532536489
5170,0.7449212650550766
5171,0.7449212650550766
5172,0.6047586729895378
5173,0.6900010164955801
5174,0.7632070597260472
5175,0.7632070597260472
5176,0.5584408077177396
5177,0.5691236064813424
5178,0.7496116018927788
5179,0.8033536857034679
5180,0.8033536857034679
5181,0.5870262626013301
5182,0.5870262626013301
5183,0.5961017672482544
5184,0.6929779885229856
5185,0.8008303482599597
5186,0.6915623554412436
5187,0.6915623554412436
5188,0.5389688981178647
5189,0.7984779396223104
5190,0.8527147446628127
5191,0.6455144987296452
5192,0.6455144987296452
5193,0.6455144987296452
5194,0.4599799737839125
5195,0.7636558727750252
5196,0.6645534904414977
5197,0.6645534904414977
5198,0.4566006365588176
5199,0.4566006365588176
5200,0.5109088982640656
5201,0.4876230995290086
5202,0.5420776745948466
5203,0.5420776745948466
5204,0.3444908506965039
5205,0.518836823239221
5206,0.5625092807085743
5207,0.4627647299189943
5208,0.4955517462887268
5209,0.43938884115779553
5210,0.4722289635103434
5211,0.25182184725343415
5212,0.25182184725343415
5213,0.37214590794682967
5214,0.31573150212298023
5215,0.5574837313315022
5216,0.6015648261998569
5217,0.3910368753899036
5218,0.3910368753899036
5219,0.334497022738567
5220,0.4006131013110145
5221,0.4006131013110145
5222,0.1897236041408082
5223,0.1897236041408082
5224,0.3550542796048752
5225,0.23207953949990046
5226,0.24311930694438472
5227,0.03177610346342536
5228,0.03177610346342536
5229,0.34116302035925566
5230,0.3527668287627418
5231,0.28429433287586525
5232,0.3175870312834077
5233,0.4509914158503799
5234,0.4275993129019958
5235,0.4275993129019958
5236,0.4387527314078196
5237,0.35951546815722457
5238,0.3818418893324678
5239,0.16706665870847676
5240,0.16706665870847676
5241,0.16706665870847676
5242,0.09850496407779166
5243,0.30000050530485883
5244,0.09691165444652425
5245,0.09691165444652425
5246,0.09691165444652425
5247,0.11733709683778366
5248,0.106595558894534
5249,0.196450020102493
5250,0.0040132094404397465
5251,0.0040132094404397465
5252,0.07139154276334057
5253,0.0538245619557635
5254,0.013619712231378634
5255,0.08116520913113422
5256,0.08116520913113422
5257,0.1342804218053721
5258,0.1342804218053721
5259,0.10055184878232212
5260,0.20365914454247258
5261,0.13612608800996384
5262,0.07834701496762378
5263,0.07834701496762378
5264,0.36195148640423036
5265,0.17914018821348912
5266,0.23597315399139454
5267,0.07572417164866324
5268,0.08707926661530577
5269,0.08707926661530577
5270,0.028959972301088214
5271,0.1656449558423937
5272,0.17705432611533622
5273,0.1417869856622583
5274,0.1532169070069326
5275,0.1532169070069326
5276,0.1532169070069326
5277,0.18661387826945103
5278,0.3128368513430618
5279,0.1857586090560281
5280,0.2547232366029436
5281,0.15044177567403905
5282,0.15044177567403905
5283,0.15044177567403905
5284,0.08050359220737258
5285,0.1265705663334367
5286,0.19575752246138883
5287,0.13729918144907696
5288,0.17195960498044977
5289,0.17195960498044977
5290,0.12551740802584255
5291,0.3101660386499895
5292,0.05312205448526108
5293,0.08803126015850198
5294,0.04077896255892259
5295,0.005790671195438224
5296,0.16912257192613722
5297,0.02998126179430593
5298,0.01669280746439514
5299,0.01669280746439514
5300,0.11019053206112409
5301,0.007389126008013698
5302,0.08626277118957967
5303,0.003639338064249184
5304,0.015368189053791587
5305,0.07403729819345288
5306,0.14950176283590758
5307,0.05006424177191539
5308,0.14424527973940304
5309,0.07990155485648356
5310,0.014252833923265863
5311,0.06139719028039267
5312,0.06139719028039267
5313,0.12770157803384982
5314,0.1638205862666161
5315,0.11663227060675474
5316,0.3415349961270848
5317,0.18821781890686268
5318,0.08180079813323984
5319,0.2954111909499179
5320,0.2954111909499179
5321,0.21264917208225273
5322,0.0007997016209761184
5323,0.04835804119185442
5324,0.1540720591618747
5325,0.05899915153714534
5326,0.2853859706588805
5327,0.2853859706588805
5328,0.2735128091169582
5329,0.19033809085934908
5330,0.41688260320088355
5331,0.27429611544256083
5332,0.20285321655700866
5333,0.41793578473311394
5334,0.23923606573302533
5335,0.23923606573302533
5336,0.4308480298253671
5337,0.3115475775468429
5338,0.3115475775468429
5339,0.4437628294577941
5340,0.384032672756943
5341,0.384032672756943
5342,0.384032672756943
5343,0.3122486408748453
5344,0.324890138748938
5345,0.27689126427953475
5346,0.5055408770047115
5347,0.5055408770047115
5348,0.5055408770047115
5349,0.5055408770047115
5350,0.3375379327187539
5351,0.4584578151904405
5352,0.4584578151904405
5353,0.6516326259965067
5354,0.6156206443528487
5355,0.5675612329584314
5356,0.5555370126153993
5357,0.4833486363119884
5358,0.5559455803826588
5359,0.44793483628169867
5360,0.6419055112575365
5361,0.4364965839954015
5362,0.35167008282317075
5363,0.582494932289183
5364,0.582494932289183
5365,0.582494932289183
5366,0.5219520819011881
5367,0.43707320245960646
5368,0.6560655892893715
5369,0.5712184017149734
5370,0.5712184017149734
5371,0.4740701154806038
5372,0.6570255452043811
5373,0.6570255452043811
5374,0.6570255452043811
5375,0.8885721121343667
5376,0.8764675100800746
5377,0.7430401047448326
5378,0.6336008820726589
5379,0.6336008820726589
5380,0.86567933590424
5381,0.8413895448037612
5382,0.6465979562015751
5383,0.5611379119714776
5384,0.7938675361894264
5385,0.7938675361894264
5386,1.0143814974152596
5387,1.0143814974152596
5388,0.9169642584679613
5389,0.8559789167870788
5390,0.8559789167870788
5391,0.8559789167870788
5392,0.991490800846452
5393,0.967080334357183
5394,0.967080334357183
5395,0.967080334357183
5396,0.918234268793214
5397,1.0534086990989904
5398,0.9439463579923505
5399,1.1410766361733675
5400,1.1410766361733675
5401,1.1410766361733675
5402,1.1410766361733675
5403,1.3260851482265799
5404,1.2161303709307685
5405,1.2161303709307685
5406,1.1304442354773114
5407,1.0691549196946921
5408,1.3036167087811796
5409,1.3036167087811796
5410,1.2791292820020295
5411,1.11970795242777
5412,1.0582497619040943
5413,1.2932239978325366
5414,1.2932239978325366
5415,1.2932239978325366
5416,1.2932239978325366
5417,1.2932239978325366
5418,1.5281417585051915
5419,1.5281417585051915
5420,1.5281417585051915
5421,1.5281417585051915
5422,1.393314730651937
5423,1.3073253246454977
5424,1.3073253246454977
5425,1.530442560426003
5426,1.530442560426003
5427,1.530442560426003
5428,1.530442560426003
5429,1.530442560426003
5430,1.5181697565193286
5431,0.46224530021549626
5432,0.46224530021549626
5433,0.46224530021549626
5434,0.46224530021549626
5435,0.46224530021549626
5436,0.46224530021549626
5437,0.46224530021549626
5438,0.46224530021549626
5439,0.46224530021549626
5440,0.46224530021549626
5441,0.46224530021549626
5442,0.46224530021549626
5443,0.46224530021549626
5444,0.46224530021549626
5445,0.46224530021549626
5446,0.46224530021549626
5447,0.46224530021549626
5448,0.46224530021549626
5449,0.46224530021549626
5450,0.46224530021549626
5451,0.46224530021549626
5452,0.46224530021549626
5453,0.46224530021549626
5454,0.46224530021549626
5455,0.46224530021549626
5456,0.46224530021549626
5457,0.6435271642188909
5458,0.6435271642188909
5459,0.6435271642188909
5460,0.6435271642188909
5461,0.6435271642188909
5462,0.6435271642188909
5463,0.6435271642188909
5464,0.6435271642188909
5465,0.6435271642188909
5466,0.6435271642188909
5467,0.6435271642188909
5468,0.6435271642188909
5469,0.6435271642188909
5470,0.6435271642188909
5471,0.6435271642188909
5472,0.6435271642188909
5473,0.6435271642188909
5474,0.6435271642188909
5475,0.6435271642188909
5476,0.6435271642188909
5477,0.6435271642188909
5478,0.6435271642188909
5479,0.6435271642188909
5480,0.6435271642188909
5481,0.6435271642188909
5482,0.6435271642188909
5483,0.6435271642188909
5484,0.6435271642188909
5485,0.6435271642188909
5486,0.6435271642188909
5487,0.6435271642188909
5488,0.6435271642188909
5489,0.6435271642188909
5490,0.6435271642188909
5491,0.6435271642188909
5492,0.6435271642188909
5493,0.7034313642875748
5494,0.7034313642875748
5495,0.7034313642875748
5496,0.7034313642875748
5497,0.7034313642875748
5498,0.7034313642875748
5499,0.7034313642875748
5500,0.7034313642875748
5501,0.7034313642875748
5502,0.7034313642875748
5503,0.7034313642875748
5504,0.7034313642875748
5505,0.7034313642875748
5506,0.7034313642875748
5507,0.6967648653702385
5508,0.6967648653702385
5509,0.6967648653702385
5510,0.6967648653702385
5511,0.6967648653702385
5512,0.6967648653702385
5513,0.6967648653702385
5514,0.6967648653702385
5515,0.6967648653702385
5516,0.6967648653702385
5517,0.6967648653702385
5518,0.6967648653702385
5519,0.6967648653702385
5520,0.6967648653702385
5521,0.6967648653702385
5522,0.6967648653702385
5523,0.6967648653702385
5524,0.6967648653702385
5525,0.6967648653702385
5526,0.6967648653702385
5527,0.6967648653702385
5528,0.6967648653702385
5529,0.6967648653702385
5530,0.6967648653702385
5531,0.6967648653702385
5532,0.6967648653702385
5533,0.6967648653702385
5534,0.6967648653702385
5535,0.4377171341931614
5536,0.49932627528924245
5537,0.49932627528924245
5538,0.49932627528924245
5539,0.49932627528924245
5540,0.49932627528924245
5541,0.49932627528924245
5542,0.49932627528924245
5543,0.49932627528924245
5544,0.49932627528924245
5545,0.49932627528924245
5546,0.49932627528924245
5547,0.49932627528924245
5548,0.49932627528924245
5549,0.49932627528924245
5550,0.49932627528924245
5551,0.49932627528924245
5552,0.49932627528924245
5553,0.49932627528924245
5554,0.49932627528924245
5555,0.49932627528924245
5556,0.49932627528924245
5557,0.49932627528924245
5558,0.49932627528924245
5559,0.49932627528924245
5560,0.49932627528924245
5561,0.49932627528924245
5562,0.49932627528924245
5563,0.49932627528924245
5564,0.49932627528924245
5565,0.49932627528924245
5566,0.49932627528924245
5567,0.49932627528924245
5568,0.6186887882449031
5569,0.8782726286006926
5570,0.8782726286006926
5571,0.8782726286006926
5572,0.8782726286006926
5573,0.8782726286006926
5574,0.8782726286006926
5575,0.8782726286006926
5576,0.8782726286006926
5577,0.8782726286006926
5578,0.6967648653702385
5579,0.6967648653702385
5580,0.6967648653702385
5581,0.6967648653702385
5582,0.6967648653702385
5583,0.6967648653702385
5584,0.6967648653702385
5585,0.6967648653702385
5586,0.6967648653702385
5587,0.6967648653702385
5588,0.6967648653702385
5589,0.6967648653702385
5590,0.6967648653702385
5591,0.6967648653702385
5592,0.6967648653702385
5593,0.6967648653702385
5594,0.6967648653702385
5595,0.6967648653702385
5596,0.6967648653702385
5597,0.6967648653702385
5598,0.5153836840072885
5599,0.5153836840072885
5600,0.5153836840072885
5601,0.5752274404948001
5602,0.7151512709609578
5603,0.7151512709609578
5604,0.7151512709609578
5605,0.7151512709609578
5606,0.7151512709609578
5607,0.7151512709609578
5608,0.7151512709609578
5609,0.7752332058257196
5610,0.8621520974902859
5611,0.8621520974902859
5612,0.6801751187430659
5613,0.6801751187430659
5614,0.7938233772287615
5615,0.8809085165992183
5616,0.8809085165992183
5617,0.8809085165992183
5618,0.8809085165992183
5619,0.9681442679670629
5620,0.8460571718474715
5621,1.1624116826703719
5622,1.1624116826703719
5623,1.216459999681165
5624,1.216459999681165
5625,1.216459999681165
5626,1.0332433171332025
5627,1.0332433171332025
5628,1.0332433171332025
5629,1.0332433171332025
5630,1.181862031095824
5631,1.2698908645934859
5632,1.0998369015448766
5633,1.0998369015448766
5634,1.0998369015448766
5635,1.0998369015448766
5636,1.0998369015448766
5637,1.0998369015448766
5638,1.1539855888484956
5639,1.2278380986773831
5640,1.2550111037183536
5641,1.2550111037183536
5642,1.2550111037183536
5643,1.2550111037183536
5644,1.4593073353920152
5645,1.418017034843894
5646,1.418017034843894
5647,1.418017034843894
5648,1.418017034843894
5649,1.418017034843894
5650,1.2333630668039952
5651,1.2333630668039952
5652,1.2333630668039952
5653,1.2333630668039952
5654,1.4655789587916443
5655,1.3625982711620608
5656,1.3625982711620608
5657,1.3625982711620608
5658,1.3625982711620608
5659,1.3625982711620608
5660,1.3625982711620608
5661,1.4376678704827686
5662,1.4376678704827686
5663,1.582004349199629
5664,1.6095378566028007
5665,1.451188126112597
5666,1.7477135746332755
5667,1.823846142988292
5668,1.823846142988292
5669,1.6372916401617876
5670,1.6372916401617876
5671,1.6372916401617876
5672,1.6372916401617876
5673,1.4577715284193131
5674,1.512988022554125
5675,1.6789980083840699
5676,1.6789980083840699
5677,1.6789980083840699
5678,1.5821759840904983
5679,1.9226861532426056
5680,1.9505792416366567
5681,1.7629773069137429
5682,1.7629773069137429
5683,1.7629773069137429
5684,1.7629773069137429
5685,1.582432712105378
5686,1.582432712105378
5687,1.582432712105378
5688,1.6658813373775023
5689,1.7080263890968013
5690,1.7080263890968013
5691,1.7080263890968013
5692,1.8477331151647922
5693,1.7433810323029753
5694,1.7433810323029753
5695,1.7433810323029753
5696,1.6738917881218525
5697,1.7298687554943224
5698,1.813946014004077
5699,1.7654445745075353
5700,1.7654445745075353
5701,1.7654445745075353
5702,1.8497130458666264
5703,2.046890787809781
5704,1.9702532559717318
5705,2.1115722568938593
5706,2.1115722568938593
5707,1.9288150378765956
5708,1.7391090011078156
5709,1.9367970482630776
5710,1.9934221517969999
5711,1.8033095119055476
5712,1.8315800399401105
5713,2.0512410432106924
5714,2.0512410432106924
5715,2.031092596569299
5716,2.2020044640900367
5717,2.2020044640900367
5718,2.0108995785852
5719,2.039376048214856
5720,2.1334208400054155
5721,2.2120957573008977
5722,2.2120957573008977
5723,2.2120957573008977
5724,2.269390964892554
5725,2.2997405151565937
5726,2.2997405151565937
5727,2.2997405151565937
5728,2.114763563882738
5729,2.114763563882738
5730,2.195231061665818
5731,2.2024170118754727
5732,2.2024170118754727
5733,2.2024170118754727
5734,2.2616803236725205
5735,2.2616803236725205
5736,2.2616803236725205
5737,2.2616803236725205
5738,2.0759912746821123
5739,2.294165262275185
5740,2.40286431769934
5741,2.40286431769934
5742,2.216344894184469
5743,2.216344894184469
5744,2.0299443563368422
5745,2.247139353265101
5746,2.276163926480516
5747,2.169115544335012
5748,2.2853435419242425
5749,2.2926127542107264
5750,2.3217093992128417
5751,2.3726824011404304
5752,2.3529016414993205
5753,2.2455421606017736
5754,2.2455421606017736
5755,2.4061800359250047
5756,2.4303826246986353
5757,2.4303826246986353
5758,2.4303826246986353
5759,2.4303826246986353
5760,2.2495102884297546
5761,2.2495102884297546
5762,2.4620668636059095
5763,2.354218847601064
5764,2.354218847601064
5765,2.354218847601064
5766,3.239110861819279
5767,2.589606821852061
5768,2.502811209990054
5769,2.502811209990054
5770,2.5850602332482286
5771,2.6030268278460738
5772,2.6030268278460738
5773,2.6030268278460738
5774,2.418626954837654
5775,2.541495364626822
5776,2.541495364626822
5777,2.349155948527939
5778,2.349155948527939
5779,2.349155948527939
5780,2.36691049309547
5781,2.5657739125312884
5782,2.596013054560839
5783,2.596013054560839
5784,2.4555423803928256
5785,2.6143934809113305
5786,2.6143934809113305
5787,2.4207627899147983
5788,2.4207627899147983
5789,2.549440087159006
5790,2.438908940737698
5791,2.4616387106896425
5792,2.533120101791693
5793,2.5863656788665224
5794,2.5863656788665224
5795,2.3919174825249683
5796,2.5973472957907906
5797,2.410208437667456
5798,2.5813188180336253
5799,2.6042644177574004
5800,2.6042644177574004
5801,2.4394434018875915
5802,2.4623648660642408
5803,2.4623648660642408
5804,2.274652752374785
5805,2.6688301056779897
5806,2.7304622171778528
5807,2.73817818021936
5808,2.5493426913085484
5809,2.5493426913085484
5810,2.5493426913085484
5811,2.506709266778223
5812,2.637791242154189
5813,2.649313615686605
5814,2.672524415457306
5815,2.6957457143351786
5816,2.637666272561435
5817,2.637666272561435
5818,2.4401553582637363
5819,2.494300530922112
5820,2.405024761337327
5821,2.54051746640284
5822,2.5638364744362088
5823,2.3733487903737953
5824,2.6456527132487206
5825,2.7237268040422884
5826,2.5404190446823507
5827,2.5404190446823507
5828,2.450664781909721
5829,2.575588696273708
5830,2.575588696273708
5831,2.575588696273708
5832,2.4622809407868766
5833,2.6815170214809014
5834,2.513123111322236
5835,2.717230914037647
5836,2.745227989778634
5837,2.745227989778634
5838,2.529024446031015
5839,2.741792461585224
5840,2.6040868399192574
5841,2.698838877897866
5842,2.5609824702034083
5843,2.679554471219093
5844,2.679554471219093
5845,2.679554471219093
5846,2.6127214839451645
5847,2.4903614401669305
5848,2.5933309923836796
5849,2.815806450848008
5850,2.6454140214841613
5851,2.8206192084712205
5852,2.618108187232593
5853,2.6340334993484134
5854,2.777549716316496
5855,2.830412143075717
5856,2.830412143075717
5857,2.6352440695093007
5858,2.6352440695093007
5859,2.627246414697285
5860,2.5758994256614374
5861,2.816314094062977
5862,2.6205690083803677
5863,2.6205690083803677
5864,2.797224933829855
5865,2.6976285206917163
5866,2.6976285206917163
5867,2.6976285206917163
5868,2.5015190052877974
5869,2.5946505659967833
5870,2.731753667514134
5871,2.5349518240323117
5872,2.5349518240323117
5873,2.672142558797198
5874,2.5962676881780404
5875,2.5962676881780404
5876,2.66906865607627
5877,2.6416887132718223
5878,2.8121628851228038
5879,2.860977918991828
5880,2.662988912927447
5881,2.662988912927447
5882,2.513760561808827
5883,2.6112095399741975
5884,2.684412855609178
5885,2.754926911517409
5886,2.5562237364693274
5887,2.5562237364693274
5888,2.60513604302738
5889,2.5531454537291176
5890,2.5531454537291176
5891,2.8396279784001344
5892,2.7795589649206116
5893,2.7795589649206116
5894,2.7795589649206116
5895,2.588058488642983
5896,2.4866941553253303
5897,2.6262149220224207
5898,2.7413950382099204
5899,2.549364875389375
5900,2.664578810209823
5901,2.5629170831304986
5902,2.6618628009347622
5903,2.827190639278771
5904,2.6757207937812333
5905,2.841397744441915
5906,2.6482577118696295
5907,2.6731051667481682
5908,2.7286389680179783
5909,2.803468319439084
5910,2.803468319439084
5911,2.601488466676755
5912,2.601488466676755
5913,2.4991242516772108
5914,2.7320948809929266
5915,2.7320948809929266
5916,2.537942841247843
5917,2.643767432342549
5918,2.643767432342549
5919,2.643767432342549
5920,2.5576684713750084
5921,2.708303966054243
5922,2.538363313008599
5923,2.72280074932698
5924,2.748001774227855
5925,2.6448856641288065
5926,2.6953146278849878
5927,2.4912812101068904
5928,2.7436424448928474
5929,2.8871964353214996
5930,2.4861569194674162
5931,2.6041888355469873
5932,2.6041888355469873
5933,2.5427303545972966
5934,2.6357213076291424
5935,2.6357213076291424
5936,2.591149613428326
5937,2.588900013135173
5938,2.597387144325886
5939,2.86966416656532
5940,2.7655034808166863
5941,2.7655034808166863
5942,2.7655034808166863
5943,2.558971644329133
5944,2.8255075947407926
5945,2.625744963629377
5946,2.625744963629377
5947,2.426063412344383
5948,2.554989439212128
5949,2.423868002203774
5950,2.518553485602491
5951,2.5597487915800623
5952,2.58567085622033
5953,2.6531790988775885
5954,2.6705200882941535
5955,2.469424969271548
5956,2.469424969271548
5957,2.6688955997994075
5958,2.562954746644047
5959,2.580337355846237
5960,2.535110181558745
5961,2.6221805646166985
5962,2.4201921828227437
5963,2.4636903130034695
5964,2.3312230760590738
5965,2.6190640944493433
5966,2.6190640944493433
5967,2.600028803585394
5968,2.670160446051321
5969,2.4670563773806666
5970,2.5108483450733043
5971,2.7127649611361746
5972,2.7732379100669013
5973,2.7732379100669013
5974,2.5692469880721185
5975,2.5692469880721185
5976,2.4708831912341758
5977,2.585471642005885
5978,2.585471642005885
5979,2.4693063852321795
5980,2.725767941732045
5981,2.653721893200945
5982,2.653721893200945
5983,2.4485962549921814
5984,2.4485962549921814
5985,2.447539109964245
5986,2.812019522849517
5987,2.6058733700975782
5988,2.6058733700975782
5989,2.5155612285454167
5990,2.6673285373862803
5991,2.747862530751682
5992,2.585854673979448
5993,2.6027375490945954
5994,2.6027375490945954
5995,2.6027375490945954
5996,2.610763845983304
5997,2.7637039057195554
5998,2.5559000584300366
5999,2.5559000584300366
6000,2.348178847642944
6001,2.4739357792486554
6002,2.337887554142443
6003,2.5720927755635055
6004,2.6986468679405644
6005,2.4899119498669853
6006,2.4899119498669853
6007,2.5984069596174515
6008,2.5432997380747837
6009,2.670276207860596
6010,2.4880782516812854
6011,2.4880782516812854
6012,2.2787149817001766
6013,2.4055320688621196
6014,2.431842990632751
6015,2.431842990632751
6016,2.450035009784201
6017,2.4218750030021328
6018,2.4856722217385725
6019,2.5495480537891657
6020,2.4484255442679452
6021,2.4019658419571996
6022,2.4019658419571996
6023,2.493452433418198
6024,2.3462616484048895
6025,2.6214627377058375
6026,2.49230925636773
6027,2.49230925636773
6028,2.2895619203895694
6029,2.436565607221582
6030,2.6671124287980295
6031,2.454451544889314
6032,2.454451544889314
6033,2.2418723506758944
6034,2.3524194144808903
6035,2.3517897988701906
6036,2.3517897988701906
6037,2.304944596650882
6038,2.3882661875460864
6039,2.5646235051499437
6040,2.611130133335591
6041,2.397095214939079
6042,2.2666036619586216
6043,2.4153173176383302
6044,2.247413790517167
6045,2.312527683307954
6046,2.2654569129932915
6047,2.2840935874303594
6048,2.2840935874303594
6049,2.1344173694560533
6050,2.611587927748805
6051,2.3956586797197654
6052,2.348553422089777
6053,2.3201612705544075
6054,2.4897068091486876
6055,2.272886614263301
6056,2.3199807420628216
6057,2.3954114340600485
6058,2.225522279050837
6059,2.3292949566710184
6060,2.319774489737755
6061,2.423951437252272
6062,2.423951437252272
6063,2.291323168704092
6064,2.5001981808276086
6065,2.2818030952917234
6066,2.2818030952917234
6067,2.3482938662489086
6068,2.18678173245102
6069,2.1391061178648263
6070,2.196164216893103
6071,2.4441697193468093
6072,2.2342611263493453
6073,2.2342611263493453
6074,2.2342611263493453
6075,2.014884729899753
6076,2.2821633385612268
6077,2.4163290133003033
6078,2.3015824664708693
6079,2.4076742460970997
6080,2.504196937934397
6081,2.4276838109831123
6082,2.4276838109831123
6083,2.206275980891545
6084,2.206275980891545
6085,2.206275980891545
6086,2.3220386999460305
6087,2.1679637242965106
6088,2.0137689944208113
6089,2.2456462325000164
6090,2.2940806747490115
6091,2.0717629021948203
6092,2.1104603954225336
6093,2.1685650739464006
6094,2.07195284167559
6095,2.275862729547251
6096,2.275862729547251
6097,2.1601247785551547
6098,2.063102085533585
6099,2.141163772428145
6100,2.141163772428145
6101,2.141163772428145
6102,2.043956121944281
6103,1.9661417853719547
6104,2.1325432493638123
6105,2.1528542889198357
6106,1.98644605443292
6107,2.1240786044275217
6108,2.262084118719326
6109,2.0459798208119366
6110,2.0459798208119366
6111,1.829931691359331
6112,1.9090853451119594
6113,2.0176824842373984
6114,2.1562790210090768
6115,1.9293091242377578
6116,1.9293091242377578
6117,1.9497201999006633
6118,2.0191749971171338
6119,2.0191749971171338
6120,1.9404741744314176
6121,2.0697877709750063
6122,2.0697877709750063
6123,1.8516750123801435
6124,1.9312476265746725
6125,1.9910139611862192
6126,1.7627235143294853
6127,1.8423276981828343
6128,1.9220505364720026
6129,1.7034385620914656
6130,1.7034385620914656
6131,1.9128680557795734
6132,1.9037171843668912
6133,1.9237443945146666
6134,1.7943452258325439
6135,1.7943452258325439
6136,1.7943452258325439
6137,1.574774981014127
6138,1.6747955318884196
6139,1.7154694540554478
6140,1.8361075394566606
6141,1.9166920343779401
6142,1.6960277863936921
6143,1.7564143315115985
6144,1.8875017169987087
6145,1.8875017169987087
6146,1.6664856173912137
6147,1.7370674064375209
6148,1.758142612100503
6149,1.7986192010567268
6150,1.7986192010567268
6151,1.576955220594603
6152,1.597158466599595
6153,1.809809729985681
6154,1.5775881188350227
6155,1.5775881188350227
6156,1.7499749329490148
6157,1.6087235476386823
6158,1.6087235476386823
6159,1.6087235476386823
6160,1.5282187654600412
6161,1.7828030729336415
6162,1.6920744966255106
6163,1.6920744966255106
6164,1.7227220806337045
6165,1.7533881431235565
6166,1.7533881431235565
6167,1.5705289167449277
6168,1.4896619986868638
6169,1.4896619986868638
6170,1.4896619986868638
6171,1.4896619986868638
6172,1.3984071381513696
6173,1.5314594116220326
6174,1.5314594116220326
6175,1.4708439307432395
6176,1.491371024012138
6177,1.2972658643070196
6178,1.4717560208647764
6179,1.5026089462013141
6180,1.277313456678994
6181,1.3183922813833597
6182,1.4315292648679823
6183,1.4315292648679823
6184,1.2367913787467633
6185,1.4428125776573792
6186,1.4944437972719535
6187,1.2786040151282967
6188,1.2786040151282967
6189,1.3508342836763763
6190,1.1554826272896288
6191,1.1554826272896288
6192,1.1554826272896288
6193,0.9292093340384878
6194,1.1560175723334924
6195,1.3008809333236728
6196,1.0738376377488903
6197,1.125562079004905
6198,1.1462623331096473
6199,1.2187898582015728
6200,1.332974740519509
6201,1.1054219849103717
6202,1.2092135830263826
6203,1.2715983821535815
6204,1.1164380761215515
6205,1.1164380761215515
6206,1.1996635650993615
6207,1.0338774519662297
6208,1.0338774519662297
6209,1.0338774519662297
6210,1.0338774519662297
6211,0.9823746410583433
6212,1.2433919425393947
6213,1.0455810296575039
6214,1.0455810296575039
6215,1.0455810296575039
6216,1.2130688186244198
6217,1.3705928196775776
6218,1.2352366626727629
6219,1.2562723927787907
6220,1.2878350172450896
6221,1.0786777707613406
6222,1.2575759751026059
6223,1.2997632911343298
6224,1.0691223706284716
6225,1.0691223706284716
6226,1.1744993873869949
6227,1.0385026618372495
6228,1.0385026618372495
6229,1.0385026618372495
6230,1.0385026618372495
6231,0.9867027510438805
6232,1.0712390929240705
6233,1.1665062485466522
6234,0.9876823224457981
6235,0.9876823224457981
6236,0.9876823224457981
6237,0.7770277662970481
6238,0.9569175157953332
6239,0.9569175157953332
6240,0.9569175157953332
6241,0.9569175157953332
6242,0.7247555040240925
6243,0.8518209650786477
6244,0.9898485602004493
6245,0.7571448438747259
6246,0.7571448438747259
6247,0.7571448438747259
6248,0.9165055975473744
6249,0.7791328520037547
6250,0.8323457257063708
6251,0.970951017525182
6252,0.7480135638413078
6253,0.7480135638413078
6254,0.8013094857495214
6255,0.9401596092528584
6256,0.7915879381581132
6257,0.920015342355846
6258,0.920015342355846
6259,0.6855912717278922
6260,0.7926103782537575
6261,0.8462095801078675
6262,0.8462095801078675
6263,0.7722398677804292
6264,0.793708455964194
6265,0.8796937230774232
6266,0.9550493802748602
6267,0.7303405679507675
6268,0.7410866425850235
6269,0.9247213721159997
6270,0.7206672446543868
6271,0.7961376670271759
6272,0.6139346162535732
6273,0.6139346162535732
6274,0.8407360841397088
6275,0.938254829283339
6276,0.7122168397801173
6277,0.7122168397801173
6278,0.7771902976935844
6279,0.5834857444967605
6280,0.6484449184934643
6281,0.7243405448265898
6282,0.7243405448265898
6283,0.5845318184564
6284,0.6605102082184378
6285,0.563919687987232
6286,0.563919687987232
6287,0.32599062373557103
6288,0.44538864704619774
6289,0.49975724340498123
6290,0.49975724340498123
6291,0.49975724340498123
6292,0.28319842195230743
6293,0.3157815000882801
6294,0.43543923334715195
6295,0.21857292965671307
6296,0.2403137715190832
6297,0.3055994631115033
6298,0.36007519776941954
6299,0.1537854940791899
6300,0.1537854940791899
6301,0.23001431769947323
6302,0.2736268577051433
6303,0.3172773680064377
6304,0.09975051946676435
6305,0.09975051946676435
6306,0.11064968878743214
6307,0.2853291317192004
6308,0.13294158184658592
6309,0.13294158184658592
6310,0.13294158184658592
6311,0.13294158184658592
6312,0.2971499708151202
6313,0.0678284837557749
6314,0.0678284837557749
6315,0.0678284837557749
6316,0.12255871968317872
6317,0.1554365673318419
6318,0.03029421666244359
6319,0.03029421666244359
6320,0.03543036307571654
6321,0.1286150208350479
6322,0.1286150208350479
6323,0.1286150208350479
6324,0.1286150208350479
6325,0.1286150208350479
6326,0.1286150208350479
6327,0.029964762203343338
6328,0.2161835188398222
6329,0.2161835188398222
6330,0.2161835188398222
6331,0.2161835188398222
6332,0.4572295101651594
6333,0.4572295101651594
6334,0.4025460661036035
6335,0.28202109699822825
6336,0.28202109699822825
6337,0.28202109699822825
6338,0.28202109699822825
6339,0.5234129692852946
6340,0.5234129692852946
6341,0.5234129692852946
6342,0.46866087938559
6343,0.28206925402359756
6344,0.2380620056588864
6345,0.2380620056588864
6346,0.2380620056588864
6347,0.43222863309056386
6348,0.43222863309056386
6349,0.43222863309056386
6350,0.43222863309056386
6351,0.43222863309056386
6352,0.43222863309056386
6353,0.43222863309056386
6354,0.43222863309056386
6355,0.43222863309056386
6356,0.43222863309056386
6357,0.43222863309056386
6358,0.43222863309056386
6359,0.43222863309056386
6360,0.43222863309056386
6361,0.43222863309056386
6362,0.43222863309056386
6363,0.43222863309056386
6364,0.43222863309056386
6365,0.43222863309056386
6366,0.43222863309056386
6367,0.43222863309056386
6368,0.43222863309056386
6369,0.43222863309056386
6370,0.6095561825020984
6371,0.6095561825020984
6372,0.6095561825020984
6373,0.6095561825020984
6374,0.6095561825020984
6375,0.6095561825020984
6376,0.6095561825020984
6377,0.6095561825020984
6378,0.6095561825020984
6379,0.5344190479328291
6380,0.30833957558206193
6381,0.30833957558206193
6382,0.30833957558206193
6383,0.30833957558206193
6384,0.30833957558206193
6385,0.30833957558206193
6386,0.30833957558206193
6387,0.30833957558206193
6388,0.4907041100485684
6389,0.6738758168640853
6390,0.5584156575332623
6391,0.5232280171604942
6392,0.2205573226455427
6393,0.03807053198695849
6394,0.21691198350591057
6395,0.21691198350591057
6396,0.21691198350591057
6397,0.21691198350591057
6398,0.21691198350591057
6399,0.21691198350591057
6400,0.21691198350591057
6401,0.21691198350591057
6402,0.4006837974815082
6403,0.4006837974815082
6404,0.4006837974815082
6405,0.4006837974815082
6406,0.4006837974815082
6407,0.4006837974815082
6408,0.4006837974815082
6409,0.5439304514118573
6410,0.32122458335233856
6411,0.32122458335233856
6412,0.32122458335233856
6413,0.32122458335233856
6414,0.32122458335233856
6415,0.24506733711569198
6416,0.20061450253133348
6417,0.20061450253133348
6418,0.20061450253133348
6419,0.20061450253133348
6420,0.20061450253133348
6421,0.052699125822211056
6422,0.24445913646662554
6423,0.058935867399879105
6424,0.058935867399879105
6425,0.058935867399879105
6426,0.058935867399879105
6427,0.058935867399879105
6428,0.058935867399879105
6429,0.12131779972790252
6430,0.12131779972790252
6431,0.12131779972790252
6432,0.12131779972790252
6433,0.12131779972790252
6434,0.12131779972790252
6435,0.12131779972790252
6436,0.3014449313862912
6437,0.3014449313862912
6438,0.3014449313862912
6439,0.3014449313862912
6440,0.3014449313862912
6441,0.48654641989513187
6442,0.48654641989513187
6443,0.48654641989513187
6444,0.48654641989513187
6445,0.44576537659764565
6446,0.3027722204761104
6447,0.3027722204761104
6448,0.4063961075732884
6449,0.36548633087608207
6450,0.3194247527243155
6451,0.33990711106077237
6452,0.530535536270184
6453,0.530535536270184
6454,0.27454041331434687
6455,0.23860001829962124
6456,0.23860001829962124
6457,0.23860001829962124
6458,0.41945989265717576
6459,0.41945989265717576
6460,0.41945989265717576
6461,0.41945989265717576
6462,0.41945989265717576
6463,0.41945989265717576
6464,0.4926615467253377
6465,0.45675879828952093
6466,0.08600077257958129
6467,0.013588078907345827
6468,0.013588078907345827
6469,0.013588078907345827
6470,0.013588078907345827
6471,0.19542544331235642
6472,0.19542544331235642
6473,0.19542544331235642
6474,0.19542544331235642
6475,0.38227772220125567
6476,0.38227772220125567
6477,0.38227772220125567
6478,0.38227772220125567
6479,0.38227772220125567
6480,0.38227772220125567
6481,0.5638463248717588
6482,0.5638463248717588
6483,0.5638463248717588
6484,0.5638463248717588
6485,0.5638463248717588
6486,0.5638463248717588
6487,0.30601260438274425
6488,0.4156993836951524
6489,0.4156993836951524
6490,0.4156993836951524
6491,0.4156993836951524
6492,0.4156993836951524
6493,0.4156993836951524
6494,0.5976819731248516
6495,0.5976819731248516
6496,0.5976819731248516
6497,0.5976819731248516
6498,0.5976819731248516
6499,0.5976819731248516
6500,0.7795504788473536
6501,0.4543447689626246
6502,0.4543447689626246
6503,0.4543447689626246
6504,0.4543447689626246
6505,0.6367481886629953
6506,0.6367481886629953
6507,0.6367481886629953
6508,0.6367481886629953
6509,0.6367481886629953
6510,0.6367481886629953
6511,0.6367481886629953
6512,0.6367481886629953
6513,0.8190368690097698
6514,0.8190368690097698
6515,0.8190368690097698
6516,0.8190368690097698
6517,0.8190368690097698
6518,1.0011874381779216
6519,1.0011874381779216
6520,1.0011874381779216
6521,1.0011874381779216
6522,0.9651444347865376
6523,0.7845603576115965
6524,0.7845603576115965
6525,0.7845603576115965
6526,0.7845603576115965
6527,0.7845603576115965
6528,0.9670352931847499
6529,0.9670352931847499
6530,0.9670352931847499
6531,0.9670352931847499
6532,0.9670352931847499
6533,0.9670352931847499
6534,0.9670352931847499
6535,1.148900389044306
6536,0.932716092824772
6537,0.932716092824772
6538,0.932716092824772
6539,0.932716092824772
6540,0.932716092824772
6541,0.932716092824772
6542,0.932716092824772
6543,0.932716092824772
6544,1.1153854426798273
6545,1.1153854426798273
6546,1.1153854426798273
6547,1.1153854426798273
6548,1.1153854426798273
6549,1.1153854426798273
6550,1.1153854426798273
6551,1.1153854426798273
6552,1.1153854426798273
6553,1.1153854426798273
6554,1.1153854426798273
6555,1.1153854426798273
6556,1.2979314713845422
6557,1.2979314713845422
6558,1.2979314713845422
6559,1.2979314713845422
6560,1.2979314713845422
6561,1.2979314713845422
6562,1.2979314713845422
6563,1.2979314713845422
6564,1.2979314713845422
6565,1.2979314713845422
6566,1.2979314713845422
6567,1.2979314713845422
6568,1.2979314713845422
6569,1.2979314713845422
6570,1.2979314713845422
6571,1.2979314713845422
6572,1.2979314713845422
6573,1.2979314713845422
6574,0.796012178200662
6575,0.5143789463809615
6576,0.5143789463809615
6577,0.5143789463809615
6578,0.5143789463809615
6579,0.6932148688081787
6580,0.6932148688081787
6581,0.8027135523036867
6582,1.057260183097859
6583,1.057260183097859
6584,1.057260183097859
6585,1.057260183097859
6586,1.1679877044116427
6587,0.8458921898787398
6588,0.7410488820029689
6589,0.9204268104872969
6590,0.9204268104872969
6591,0.9204268104872969
6592,0.9204268104872969
6593,1.1043974931843075
6594,1.1043974931843075
6595,0.8906741514360333
6596,0.7127420917594751
6597,0.7127420917594751
6598,0.897410888217815
6599,0.5148982589803927
6600,0.5148982589803927
6601,0.5148982589803927
6602,0.5148982589803927
6603,0.5043418960654464
6604,0.6794281603358407
6605,0.6794281603358407
6606,0.6794281603358407
6607,0.6794281603358407
6608,0.8596876071413706
6609,0.8596876071413706
6610,0.8596876071413706
6611,0.8596876071413706
6612,0.5862506450581653
6613,0.48016334004512956
6614,0.48016334004512956
6615,0.48016334004512956
6616,0.48016334004512956
6617,0.6666370064712881
6618,0.6666370064712881
6619,0.6666370064712881
6620,0.6666370064712881
6621,0.6666370064712881
6622,0.8476812568969249
6623,0.8476812568969249
6624,0.8476812568969249
6625,1.0338847369529
6626,1.0338847369529
6627,0.9282412979060342
6628,0.6844227949802351
6629,0.8659401776864188
6630,0.6587029102597683
6631,0.41315642741385283
6632,0.41315642741385283
6633,0.6008134692735417
6634,0.6008134692735417
6635,0.6008134692735417
6636,0.6008134692735417
6637,0.783022073456661
6638,0.783022073456661
6639,0.783022073456661
6640,0.783022073456661
6641,0.7572663763033338
6642,0.48416866872502085
6643,0.6671160903419537
6644,0.6671160903419537
6645,0.6671160903419537
6646,0.6671160903419537
6647,0.8499630031654657
6648,0.7803926198032995
6649,0.5764772702846146
6650,0.5764772702846146
6651,0.7597614733471303
6652,0.6899512460377965
6653,0.48532989100282375
6654,0.48532989100282375
6655,0.6690704157034342
6656,0.6690704157034342
6657,0.6690704157034342
6658,0.8150516954925042
6659,0.43176148736617603
6660,0.3558338568009061
6661,0.5457706447217388
6662,0.5403578824219478
6663,0.5403578824219478
6664,0.7247621121344516
6665,0.5894507516362012
6666,0.6006352576420972
6667,0.6006352576420972
6668,0.6006352576420972
6669,0.7854419533728559
6670,0.7854419533728559
6671,0.5030020229318791
6672,0.5194730507579538
6673,0.5194730507579538
6674,0.5194730507579538
6675,0.7049703477430992
6676,0.7049703477430992
6677,0.7049703477430992
6678,0.8196993231305794
6679,0.6507953191870949
6680,0.7711530700890932
6681,0.5689602249770457
6682,0.5689602249770457
6683,0.5689602249770457
6684,0.43187447154637104
6685,0.519638444614463
6686,0.519638444614463
6687,0.7007281236686091
6688,0.7007281236686091
6689,0.7007281236686091
6690,0.8871834089726709
6691,0.7886655549875113
6692,0.6515045013076408
6693,0.5689743520956341
6694,0.4696492668414458
6695,0.657138052420349
6696,0.657138052420349
6697,0.657138052420349
6698,0.5578244305763851
6699,0.6405849304498594
6700,0.6405849304498594
6701,0.2079368970015738
6702,0.16248178178161365
6703,0.16248178178161365
6704,0.3514289936451686
6705,0.3514289936451686
6706,0.3514289936451686
6707,0.5347087395506745
6708,0.5347087395506745
6709,0.5347087395506745
6710,0.7234173485990977
6711,0.7234173485990977
6712,0.6788350328463828
6713,0.6788350328463828
6714,0.6788350328463828
6715,0.8622378271711065
6716,0.845574706406452
6717,0.845574706406452
6718,0.7120683721767422
6719,0.8010751707504103
6720,0.6392817839022702
6721,0.5941307575771506
6722,0.39765933681206794
6723,0.39765933681206794
6724,0.5824343797397784
6725,0.5824343797397784
6726,0.5824343797397784
6727,0.7727116623774211
6728,0.7727116623774211
6729,0.7612360313697072
6730,0.5362380133947875
6731,0.5362380133947875
6732,0.7215523662309584
6733,0.7215523662309584
6734,0.7215523662309584
6735,0.8449610771298398
6736,0.6816590478482762
6737,0.7206539012852914
6738,0.6528655544347105
6739,0.7144902383792948
6740,0.731453821779523
6741,0.6862020711735359
6742,0.7422370673304485
6743,0.7422370673304485
6744,0.6394717622223478
6745,0.6394717622223478
6746,0.6394717622223478
6747,0.8318868055415837
6748,0.5703155451306168
6749,0.5418079976945214
6750,0.7290227423028183
6751,0.7290227423028183
6752,0.9161383711389203
6753,0.7226058017846481
6754,0.4652851013784028
6755,0.6532132209294351
6756,0.6532132209294351
6757,0.8467469786895847
6758,0.8467469786895847
6759,0.7152771786875788
6760,0.8403846985030744
6761,0.8346594416662717
6762,0.8289426765080978
6763,0.7315988322950923
6764,0.7306978592940541
6765,0.6674982800680107
6766,0.695237243531166
6767,0.695237243531166
6768,0.884092585839738
6769,0.884092585839738
6770,0.5671688720432765
6771,0.6930769902391988
6772,0.6930769902391988
6773,0.8825201389014558
6774,0.6919417689414935
6775,0.5354666709131111
6776,0.7255048989453685
6777,0.7255048989453685
6778,0.9154411012985263
6779,0.8518178358376529
6780,0.5033437304803751
6781,0.6649298755983212
6782,0.6532869461669366
6783,0.8381320433502762
6784,0.8381320433502762
6785,0.8381320433502762
6786,0.8079007550930523
6787,0.8940999172618029
6788,0.86380399973764
6789,0.7747904145292478
6790,0.7747904145292478
6791,0.6852567091039796
6792,0.6499737479670348
6793,0.6499737479670348
6794,0.8423799286926252
6795,0.8423799286926252
6796,1.0346623792967242
6797,0.8174429537024014
6798,0.8174429537024014
6799,0.9454537641207859
6800,0.5973699406086912
6801,0.5322028319292041
6802,0.7257404571692554
6803,0.7257404571692554
6804,0.9191534009590586
6805,0.7595148725794764
6806,0.6053071935736773
6807,0.7992815704049602
6808,0.7992815704049602
6809,0.993130705780133
6810,0.993130705780133
6811,1.0331635322780455
6812,0.9383458502279495
6813,0.6289059746043644
6814,0.6289059746043644
6815,0.8237158136101388
6816,0.8237158136101388
6817,1.018408080263287
6818,0.8338087820600868
6819,0.7442421351125563
6820,0.6283142654636819
6821,0.6223154736721406
6822,0.8120464455566868
6823,1.0076760186770546
6824,0.8520313033556157
6825,0.9580459032217267
6826,0.9580459032217267
6827,1.1180615916873133
6828,0.7877727452811906
6829,0.6308617224711845
6830,0.8277949262590956
6831,0.8277949262590956
6832,1.018583221703883
6833,1.018583221703883
6834,0.7651417942973628
6835,0.8717678409263532
6836,0.8717678409263532
6837,1.0630492089255004
6838,0.91193582454401
6839,0.8976107963330606
6840,0.8976107963330606
6841,1.0894526405619382
6842,1.0894526405619382
6843,0.8826135043776915
6844,0.8686426406017917
6845,0.8686426406017917
6846,1.061143400515426
6847,0.8845163740175228
6848,0.7228666573092124
6849,0.7228666573092124
6850,0.7228666573092124
6851,0.9162638593390899
6852,0.9162638593390899
6853,1.1095624648904996
6854,1.1095624648904996
6855,1.1095624648904996
6856,1.0706412086822619
6857,0.8004921714070712
6858,0.7758545576056906
6859,0.9700632949045221
6860,1.1641634980020539
6861,1.0167261561974787
6862,1.0388337741377591
6863,0.9463296243720994
6864,0.804164582426933
6865,0.9992341437376719
6866,0.9992341437376719
6867,1.1633623316210981
6868,0.8105247539100993
6869,0.7545863161210984
6870,0.9503781848902293
6871,0.9503781848902293
6872,0.9503781848902293
6873,1.1460509960349416
6874,0.8541159873172397
6875,0.9320537760967612
6876,0.9133564538264672
6877,1.109748784415292
6878,1.1159659695063024
6879,1.1159659695063024
6880,1.1692743641081442
6881,0.9946734209929968
6882,0.9946734209929968
6883,1.1915122728907828
6884,1.1915122728907828
6885,1.1915122728907828
6886,1.3010862870503004
6887,1.1262997569952138
6888,1.0669730855607573
6889,1.0669730855607573
6890,1.2646143302019626
6891,1.2646143302019626
6892,1.2646143302019626
6893,1.199100357943502
6894,0.9157164028181727
6895,1.0827943612472797
6896,0.9122334008364297
6897,1.054291919413812
6898,1.054291919413812
6899,1.253217397545554
6900,1.253217397545554
6901,1.2186091720100802
6902,1.1046335141121815
6903,1.1046335141121815
6904,1.3041045040236534
6905,1.1647476207445078
6906,1.3074239263150444
6907,1.3074239263150444
6908,1.0787630546248608
6909,1.2789279361899775
6910,1.1644510529951309
6911,1.0241677007119718
6912,1.2184073750095288
6913,1.0780097464581628
6914,0.7703040804147412
6915,0.9653922052507343
6916,1.3867998718408572
6917,1.3867998718408572
6918,1.1933249185732573
6919,1.2800261975076253
6920,1.2800261975076253
6921,1.1959343968612282
6922,1.2049799480050007
6923,1.179037011963559
6924,1.350245397828346
6925,1.2140028577950168
6926,1.4113856955800068
6927,1.589254845626624
6928,1.310153083999846
6929,1.2515396640720147
6930,1.4559958337564944
6931,1.4559958337564944
6932,1.4559958337564944
6933,1.6603312765032674
6934,1.3805453525371383
6935,1.474583632777519
6936,1.363529906784824
6937,1.363529906784824
6938,1.2784331244882152
6939,1.1822349897506956
6940,1.2676639238710168
6941,1.0986101494035938
6942,1.0589901625585858
6943,1.2655740835273217
6944,1.2655740835273217
6945,1.2655740835273217
6946,1.4654713450284917
6947,1.4654713450284917
6948,1.274341637705774
6949,1.1156140377786936
6950,1.3161490588866869
6951,1.516607474603379
6952,1.3844967791620741
6953,1.3403118063777013
6954,1.3336812013691957
6955,1.3336812013691957
6956,1.534775531395374
6957,1.5082907769772653
6958,1.1826400957709295
6959,1.2778127305258689
6960,1.2778127305258689
6961,1.4863513855294996
6962,1.4863513855294996
6963,1.4863513855294996
6964,1.4752229240951578
6965,1.3951458499277318
6966,1.3416863280805025
6967,1.490715854292725
6968,1.437253802687722
6969,1.4258606056843317
6970,1.4258606056843317
6971,1.3990432915096924
6972,1.2865761606093145
6973,1.2596293353168744
6974,1.463272098924934
6975,1.463272098924934
6976,1.3555870252030764
6977,1.478621880198458
6978,1.478621880198458
6979,1.478621880198458
6980,1.4197029686815612
6981,1.338570304080231
6982,1.549835495757829
6983,1.4957926126066372
6984,1.407845762189479
6985,1.4026558681003503
6986,1.4026558681003503
6987,1.4026558681003503
6988,1.4449622238129356
6989,1.4171432129139425
6990,1.6231733381320563
6991,1.2555567354740742
6992,1.4616494131849957
6993,1.4616494131849957
6994,1.6744464515747954
6995,1.5654915539689582
6996,1.5382069041313828
6997,1.5397717668622577
6998,1.7463084961673525
6999,1.589192764283295
7000,1.3766289921873964
7001,1.583878379060237
7002,1.583878379060237
7003,1.5358626196263614
7004,1.6402849622351612
7005,1.4063824163873782
7006,1.6142944922386875
7007,1.4833877665722675
7008,1.3521322218957408
7009,1.5605110037415026
7010,1.5605110037415026
7011,1.5605110037415026
7012,1.6653854019791112
7013,1.53407699874188
7014,1.4093631975447194
7015,1.5975730602133698
7016,1.695820320614022
7017,1.695820320614022
7018,1.5432164701974234
7019,1.704091305078901
7020,1.704091305078901
7021,1.4954816044026822
7022,1.5800588288377517
7023,1.5730813161587291
7024,1.7483781788582773
7025,1.5949900482944899
7026,1.574037163671774
7027,1.686804597479195
7028,1.6099147981986222
7029,1.6099147981986222
7030,1.666861859696188
7031,1.49150495703293
7032,1.49150495703293
7033,1.702881105211691
7034,1.6256965689544132
7035,1.4290808968346715
7036,1.4290808968346715
7037,1.6413408878302969
7038,1.6413408878302969
7039,1.6131398979992848
7040,1.5218195476183787
7041,1.5218195476183787
7042,1.5218195476183787
7043,1.7346210495945278
7044,1.727558689537196
7045,1.1728588694209485
7046,1.701660266110891
7047,1.5016207455984638
7048,1.6877964804271506
7049,1.6877964804271506
7050,1.873990145723843
7051,1.573408659426753
7052,1.400814421505667
7053,1.400814421505667
7054,1.6165778182932955
7055,1.6165778182932955
7056,1.825061299542104
7057,1.6526185703984633
7058,1.5805859885068951
7059,1.7175468137123955
7060,1.6959334646600572
7061,1.6959334646600572
7062,1.7825894412983045
7063,1.6375127196586279
7064,1.6235762995281067
7065,1.6235762995281067
7066,1.7176967720606797
7067,1.5942900515353247
7068,1.8119587265678476
7069,1.8119587265678476
7070,1.8119587265678476
7071,1.7028761592645607
7072,1.7028761592645607
7073,1.7028761592645607
7074,1.5350867540699136
7075,1.7245005600065315
7076,1.9357759059738835
7077,1.8410453422654496
7078,1.8409260815774442
7079,1.8409260815774442
7080,1.8409260815774442
7081,2.0527161976721575
7082,1.862716150705784
7083,1.6866675807089746
7084,1.6646191098944052
7085,1.4509630805830245
7086,1.6639838944166252
7087,1.6639838944166252
7088,1.7296732475219334
7089,1.6854128730429396
7090,1.898703579035646
7091,1.898703579035646
7092,1.6550730642602363
7093,1.4399669870588558
